NAME,CITY,STCD,ZIP,COUNTY,CERT_ EFFECTIVE_ DATE,Number Beds,Swing Bed License,DPU_ Psy Beds,DPU_ Reh Beds
Providence Valdez Medical Center,Valdez,AK,99686,3rd JUDICIAL DIVISION,8/1/2000,11,1,0,0
Providence Seward Medical & Care Center,Seward,AK,99664,2ND JUDICIAL DISTRICT,1/1/2001,6,1,0,0
Cordova Community Medical Center,Cordova,AK,99574,2nd Judicial District,7/1/2003,13,1,0,0
Kanakanak Hospital,Dillingham,AK,99576,Dillingham,10/1/2004,16,1,0,0
Norton Sound Regional Hospital,Nome,AK,99762,2nd Judicial Division,11/1/2003,18,1,0,0
Petersburg Medical Center,Petersburg,AK,99833,3rd Judicial Division,7/1/2001,12,1,0,0
Providence Kodiak Island Medical Center,Kodiak,AK,99615,2ND JUDICIAL DISTRICT,6/1/2003,25,1,0,0
South Peninsula Hospital,Homer,AK,99603,Kenai Peninsula Borough,8/7/2008,21,1,0,0
SEARHC-Wrangell Medical Center,Wrangell,AK,99929,3RD JUDICIAL DIVISION,7/1/2002,8,1,0,0
Maniilaq Health Center,Kotzebue,AK,99752,Northwest Arctic Borough,2/1/2005,17,0,0,0
PeaceHealth Ketchikan Medical Center,Ketchikan,AK,99901,Ketchikan Gateway Borough,8/21/2006,25,0,0,0
Samuel Simmonds Memorial Hospital,Utqiagvik,AK,99723,North Slope Borough,10/1/2007,10,1,0,0
SEARHC-Mt. Edgecumbe Medical Center,Sitka,AK,99835,Sitka,11/6/2015,25,1,0,0
Washington County Hospital,Chatom,AL,36518,WASHINGTON,11/1/2002,25,1,0,0
Red Bay Hospital,Red Bay,AL,35582,Franklin,1/1/2005,25,1,0,0
Choctaw General Hospital,Butler,AL,36904,Choctaw,5/31/2012,25,1,0,0
St. Vincent's Blount,Oneonta,AL,35121,Blount,6/20/2013,25,0,0,0
Tanner Medical Center - East Alabama,Wedowee,AL,36278,Randolph,1/9/2019,25,1,0,0
River Valley Medical Center,Dardanelle,AR,72834,YELL,10/1/1999,25,1,10,0
Dallas County Medical Center,Fordyce,AR,71742,DALLAS,10/1/2002,25,1,0,0
Mercy Hospital Paris,Paris,AR,72855,LOGAN,7/1/1999,16,1,0,0
Eureka Springs Hospital,Eureka Springs,AR,72632,CARROLL,1/1/2000,22,1,0,0
Mercy Hospital Waldron,Waldron,AR,72958,SCOTT,12/31/1999,24,1,0,0
Mercy Hospital Ozark,Ozark,AR,72949,FRANKLIN,1/1/2000,25,1,0,0
Medical Center of Izard County,Calico Rock,AR,72519,IZARD,2/1/2000,25,1,0,0
CrossRidge Community Hospital,Wynne,AR,72396,CROSS,7/1/2000,25,1,0,0
McGehee Hospital,McGehee,AR,71654,DESHA,7/1/2000,25,1,0,0
Lawrence Memorial Hospital,Walnut Ridge,AR,72476,LAWRENCE,7/31/2000,25,1,0,0
Stone County Medical Center,Mountain View,AR,72560,STONE,10/1/2000,25,1,0,0
Howard Memorial Hospital,Nashville,AR,71852,HOWARD,2/1/2001,25,1,0,0
Delta Memorial Hospital,Dumas,AR,71639,Desha,10/10/2005,25,1,0,0
Mercy Hospital Booneville,Booneville,AR,72927,LOGAN,7/2/2003,25,1,0,0
Fulton County Hospital,Salem,AR,72576,Fulton,8/1/2004,25,1,0,0
Piggott Community Hospital,Piggott,AR,72454,Clay,12/28/2005,25,1,0,0
Little River Memorial Hospital,Ashdown,AR,71822,Little River County,3/1/2004,25,1,0,0
Bradley County Medical Center,Warren,AR,71671,Warren,11/1/2005,25,1,8,0
Ozark Health Medical Center,Clinton,AR,72031,VAN BUREN,4/1/2001,25,1,0,0
Baptist Health Medical Center - Heber Springs,Heber Springs,AR,72543,CLEBURNE,4/1/2001,25,1,0,0
Dewitt Hospital and Nursing Home,Dewitt,AR,72042,Arkansas,11/1/2001,25,1,0,0
CHI St. Vincent Morrilton,Morrilton,AR,72110,Conway,10/1/2004,25,1,0,0
SMC Regional Medical Center,Osceola,AR,72370,MISSISSIPPI,10/1/2002,25,1,0,0
Baptist Health Medical Center-Arkadelphia,Arkadelphia,AR,71923,Clark County,7/1/2004,25,1,0,0
Chicot Memorial Hospital,Lake Village,AR,71653,Chicot County,12/1/2005,25,0,0,0
Mercy Hospital Berryville,Berryville,AR,72616,Carroll,12/7/2005,25,1,0,0
Ashley County Medical Center,Crossett,AR,71635,Ashley,10/1/2004,25,1,8,0
Ozarks Community Hospital of Gravette,Gravette,AR,72736,Benton,9/3/2008,25,1,0,0
Banner Health Page Hospital,Page,AZ,86040,COCONINO,3/1/2002,25,1,0,0
Wickenburg Community Hospital,Wickenburg,AZ,85390,MARICOPA,11/1/2001,19,1,0,0
Northern Cochise Community Hospital,Willcox,AZ,85643,COCHISE,2/1/2002,24,1,0,0
Sage Memorial Hospital,Ganado,AZ,86505,APACHE,12/1/2002,25,1,0,0
Hopi Health Care Center,Polacca,AZ,86042,NAVAJO,11/22/2002,6,0,0,0
Copper Queen Community Hospital,Bisbee,AZ,85603,Cochise,12/8/2005,14,0,0,0
White Mountain Regional Medical Center,Springerville,AZ,85938,Apache,8/26/2008,20,0,0,0
La Paz Regional Hospital,Parker,AZ,85344,La Paz,8/24/2013,25,0,0,0
Benson Hospital,Benson,AZ,85602,COCHISE,1/1/2002,22,1,0,0
Carondelet Holy Cross Hospital,Nogales,AZ,85621,Santa Cruz,8/1/2006,25,1,0,0
Hu Hu Kam Memorial Hospital,Sacaton,AZ,85247,PINAL,4/1/2003,15,0,0,0
Little Colorado Medical Center,Winslow,AZ,86047,Navajo County,11/1/2004,25,0,0,0
Parker Indian Medical Center,Parker,AZ,85344,LA PAZ,2/1/2003,20,1,0,0
Cobre Valley Regional Medical Center,Globe,AZ,85501,Gila,12/1/2006,25,1,0,0
Banner Payson Medical Center,Payson,AZ,85541,Gila,7/23/2018,25,0,0,0
Catalina Island Medical Center,Avalon,CA,90704,LOS ANGELES,11/30/2001,12,1,0,0
Bear Valley Community Hospital,Big Bear Lake,CA,92315,San Bernardino,5/23/2014,25,0,0,0
Biggs-Gridley Memorial Hospital,Gridley,CA,95948,BUTTE,7/5/2002,25,1,0,0
Eastern Plumas District Hospital,Portola,CA,96122,PLUMAS,10/24/2000,9,1,0,0
Glenn Medical Center,Willows,CA,95988,GLENN,10/23/2001,15,0,0,0
Jerold Phelps Community Hospital,Garberville,CA,95542,HUMBOLDT,3/1/2002,16,1,0,0
John C. Fremont Hospital,Mariposa,CA,95338,MARIPOSA,7/1/2001,25,1,0,0
Kern Valley Hospital District,Lake Isabella,CA,93240,Kern County,11/21/2003,25,1,0,0
Mammoth Hospital,Mammoth Lakes,CA,93546,MONO,7/1/2001,17,0,0,0
Mountains Community Hospital,Lake Arrowhead,CA,92352,SAN BERNARDINO,7/1/2002,25,1,0,0
Plumas District Hospital,Quincy,CA,95971,Plumas,10/13/2006,25,1,0,0
St. Helena Hospital Clearlake,Clearlake,CA,95422,Lake,4/12/2005,25,0,0,0
Santa Ynez Valley Cottage Hospital,Solvang,CA,93463,Santa Barbara,2/24/2009,10,1,0,0
Seneca District Hospital,Chester,CA,96020,Plumas,9/26/2007,10,1,0,0
Southern Inyo District Hospital,Lone Pine,CA,93545,INYO,3/2/2016,4,0,0,0
Surprise Valley Community Hospital,Cedarville,CA,96104,MODOC,3/1/2002,4,1,0,0
Tehachapi Hospital,Tehachapi,CA,93581,KERN,4/1/2001,24,1,0,0
Trinity Hospital,Weaverville,CA,96093,Trinity,12/1/2004,25,0,0,0
Mayers Memorial Hospitals,Fall River Mills,CA,96028,SHASTA,11/1/2001,22,1,0,0
Frank R. Howard Memorial Hospital,Willits,CA,95490,MENDOCINO,5/1/2002,25,1,0,0
Fairchild Medical Center,Yreka,CA,96097,Siskiyou,2/1/2005,25,1,0,0
Healdsburg District Hospital,Healdsburg,CA,95448,Sonoma County,12/1/2005,21,1,0,0
Mercy Medical Center,Mt. Shasta,CA,96067,Siskiyou,8/13/2005,25,1,0,0
Redwood Memorial Hospital,Fortuna,CA,95540,Humboldt,8/1/2005,25,1,0,0
Banner Lassen Medical Center,Susanville,CA,96130,Lassen,7/11/2005,25,1,0,0
Colorado River Medical Center,Needles,CA,92363,San Bernardino,12/1/2005,25,0,0,0
Northern Inyo Hospital,Bishop,CA,93514,Inyo,8/1/2006,25,0,0,0
Mendocino Coast District Hospital,Fort Bragg,CA,95437,Mendocino,9/1/2006,25,1,0,0
Tahoe Forest Hospital,Truckee,CA,96160,Nevada,7/1/2007,25,1,0,0
Sutter Lakeside Hospital,Lakeport,CA,95453,Lake,6/17/2008,25,1,0,0
Modoc Medical Center,Alturas,CA,96101,Modoc,10/9/2008,25,1,0,0
Mark Twain St. Joseph's Hospital,San Andreas,CA,95249,Calaveras,8/6/2010,25,1,0,0
Ridgecrest Regional Hospital,Ridgecrest,CA,93555,Kern,8/8/2012,25,0,0,0
Ojai Valley Community Hospital,Ojai,CA,93023,Ventura County,2/19/2014,25,0,0,0
East Morgan County Hospital,Brush,CO,80723,MORGAN,7/1/1999,25,1,0,0
Rio Grande Hospital,Del Norte,CO,81132,RIO GRANDE,7/1/1999,17,1,0,0
Colorado Canyons Hospital and Medical Center,Fruita,CO,81521,MESA,7/1/1999,10,1,0,0
Haxtun Hospital District CAH,Haxtun,CO,80731,PHILLIPS,7/18/2000,25,1,0,0
Melissa Memorial Hospital,Holyoke,CO,80734,PHILLIPS,8/3/2000,15,1,0,0
Lincoln Community Hospital and Nursing Home,Hugo,CO,80821,LINCOLN,8/24/2000,15,1,0,0
Rangley District Hospital,Rangely,CO,81648,RIO BLANCO,9/28/2000,25,1,0,0
SLV Health Conejos County Hospital,La Jara,CO,81140,CONEJOS,11/14/2000,17,1,0,0
Wray Community District Hospital,Wray,CO,80758,Wray,1/1/2001,15,1,0,0
Middle Park Health,Kremmling,CO,80459,Grand,4/1/2003,25,1,0,0
Memorial Regional Health,Craig,CO,81625,MOFFAT,3/1/2002,25,1,0,0
Kit Carson County Health Service District,Burlington,CO,80807,KIT CARSON,1/1/2002,25,1,0,0
Sedgwick County Health Center,Julesburg,CO,80737,SEDGWICK,4/1/2001,25,1,0,0
Southeast Colorado Hospital,Springfield,CO,81073,BACA,3/1/2001,23,1,0,0
Estes Park Health,Estes Park,CO,80517,LARIMER,6/1/2001,16,1,0,0
Weisbrod Memorial County Hospital,Eads,CO,81036,KIOWA,7/1/2002,8,1,0,0
Yuma District Hospital,Yuma,CO,80759,YUMA,7/1/2002,22,1,0,0
Spanish Peaks Regional Health Center,Walsenburg,CO,81089,HUERFANO,6/28/2002,25,1,0,0
Grand River Health,Rifle,CO,81650,GARFIELD,1/1/2003,25,1,0,0
St. Vincent Hospital,Leadville,CO,80461,LAKE,5/2/2003,25,1,0,0
Gunnison Valley Health,Gunnison,CO,81230,Gunnison,10/1/2003,24,1,0,0
Mt. San Rafael Hospital,Trinidad,CO,81082,Las Animas,1/1/2004,25,1,0,0
Heart of the Rockies Regional Medical Center,Salida,CO,81201,Chaffee,5/1/2004,25,1,0,0
Prowers Medical Center,Lamar,CO,81052,Prowers,8/1/2004,25,1,0,0
Aspen Valley Hospital,Aspen,CO,81611,Pitkin,9/1/2004,25,1,0,0
Pioneers Medical Center,Meeker,CO,81641,Rio Blanco,1/1/2008,15,1,0,0
UCHealth Pikes Peak Regional Hospital ,Woodland Park,CO,80863,Teller,7/8/2008,15,0,0,0
Southwest Health System,Cortez,CO,81321,Montezuma ,8/22/2008,25,0,0,0
Pagosa Springs Medical Center,Pagosa Springs,CO,81147,Archuleta,9/16/2008,11,0,0,0
Arkansas Valley Regional Medical Center ,La Junta,CO,81050,Otero,10/28/2016,25,0,0,0
Keefe Memorial Hospital,Cheyenne Wells,CO,80810,Cheyenne,8/25/2017,25,1,0,0
Centura Health-St. Thomas More Hospital,Canon City,CO,81212,Fremont,11/1/2015,25,1,0,0
Florida Hospital-Wauchula,Wauchula,FL,33873,HARDEE,5/1/2000,25,1,0,0
Shands Live Oak Regional Medical Center,Live Oak,FL,32060,SUWANEE,7/1/2000,15,0,0,0
Calhoun - Liberty Hospital,Blountstown,FL,32424,CALHOUN,6/5/2001,25,1,0,0
Doctor's Memorial Hospital - Bonifay,Bonifay,FL,32425,HOLMES,7/1/2002,20,1,0,0
Fisherman's Hospital,Marathon,FL,33050,Monroe,2/19/2010,25,0,0,0
George E. Weems Hospital,Apalachicola,FL,32320,FRANKLIN,6/5/2001,25,1,0,0
Madison County Memorial Hospital,Madison,FL,32340,Madison,1/1/2006,25,1,0,0
Mariners Hospital,Tavernier,FL,33070,Monroe,3/31/2010,25,0,0,0
Lake Butler Hospital,Lake Butler,FL,32054,UNION,4/1/2001,25,1,0,0
Shands Starke Regional Medical Center,Starke,FL,32091,Bradford,10/22/2004,25,0,0,0
Northwest Florida Community Hospital,Chipley,FL,32428,WASHINGTON,6/1/2003,25,1,0,0
Hendry RMC,Clewiston,FL,33440,Hendry,10/1/2004,25,0,0,0
Bleckley Memorial Hospital,Cochran,GA,31014,BLECKLEY,10/14/1999,25,1,0,0
Southwest Georgia Regional Medical Center,Cuthbert,GA,39840,RANDOLPH,6/25/1999,25,1,0,0
Morgan Memorial Hospital,Madison,GA,30650,COOK,12/20/1999,20,1,0,0
Jasper Memorial Hospital,Monticello,GA,31064,JASPER,1/1/2000,17,1,0,0
Miller County Hospital,Colquitt,GA,39837,MILLER,2/24/2000,25,1,0,0
Effingham County Hospital,Springfield,GA,31329,Effingham,5/15/2000,25,1,0,0
Clinch Memorial Hospital,Homerville,GA,31634,CLINCH,7/21/2000,25,1,0,0
"Medical Center of Peach County, Navicent Health",Byron,GA,31008,PEACH,11/15/2000,25,1,0,0
Jenkins County Medical Center,Millen,GA,30442,JENKINS,12/7/2000,25,1,0,0
Optim Medical Center - Screven,Sylvania,GA,30467,SCREVEN,11/10/2000,25,1,0,0
Bacon County Hospital,Alma,GA,31510,BACON,7/1/2002,25,1,0,0
Warm Springs Medical Center,Warm Springs,GA,31830,MERRIWETHER,4/1/2001,25,1,0,0
Brooks County Hospital,Quitman,GA,31643,BROOKS,5/1/2003,25,1,0,0
Candler County Hospital,Metter,GA,30439,Candler,10/1/2004,25,1,0,0
LifeBrite Community Hospital of Early,Blakely,GA,39823,EARLY,5/1/2001,25,1,9,0
Liberty Regional Medical Center,Hinesville,GA,31313,Liberty,9/30/2004,25,0,0,0
SGMC - Lanier Campus,Lakeland,GA,31635,LANIER,7/1/2002,25,1,0,0
St. Mary's Good Samaritan Hospital,Greensboro,GA,30642,GREENE,2/1/2003,25,1,0,0
Mitchell County Hospital,Camilla,GA,31730,MITCHELL,5/1/2003,25,1,0,0
Monroe County Hospital,Forsyth,GA,31029,MONROE,9/12/2001,25,1,0,0
Putnam General Hospital,Eatonton,GA,31024,PUTNAM,1/25/2001,25,1,0,0
Mountain Lakes Medical Center,Clayton,GA,30525,Rabun,10/1/2004,25,1,0,0
Optim Medical Center - Tattnall,Reidsville,GA,30453,Tattnall,3/1/2002,25,1,0,0
Wills Memorial Hospital,Washington,GA,30673,WILKES,5/1/2002,25,1,0,0
Wellstar Sylvan Grove Hospital,Jackson,GA,30233,BUTTS,8/28/2001,25,1,0,0
Higgins General Hospital,Bremen,GA,30110,HARALSON,9/1/2001,25,1,0,0
Chatuge Regional Hospital,Hiawassee,GA,30546,TOWNS,5/1/2002,25,1,10,0
Phoebe Worth Medical Center,Sylvester,GA,31791,WORTH,9/1/2002,25,1,0,0
Polk Medical Center,Cedartown,GA,30125,POLK,5/1/2003,25,1,0,0
Jeff Davis Hospital,Hazlehurst,GA,31539,Jeff Davis,1/1/2004,25,0,0,0
Ka`u Hospital,Pahala,HI,96777,HAWAII,7/1/2001,21,0,0,0
Kauai Veterans Memorial Hospital,Waimea,HI,96796,KAUAI,4/11/2001,25,1,0,0
Kohala Hospital,Kapaau,HI,96755,HAWAII,7/1/2001,6,1,0,0
Lana`I Community Hospital,Lanai City,HI,96763,MAUI,12/9/2001,4,1,0,0
Kahuku Medical Center,Kahuku,HI,96731,HONOLULU,11/20/2001,15,0,0,0
Mokoka`I General Hospital,Kaunakakai,HI,96748,MAUI,11/1/2001,15,1,0,0
Hale Ho'ola Hamakua,Honokaa,HI,96727,Hawaii,12/23/2005,11,1,0,0
Kula Hospital,Kula,HI,96790,Maui,12/23/2005,9,1,0,0
Samuel Mahelona Memorial Hospital,Kapaa,HI,96746,Kaui,12/23/2005,14,1,9,0
Baum Harmon Memorial Hospital,Primghar,IA,51245,OBRIEN,11/30/1999,14,1,0,0
Belmond Community Hospital,Belmond,IA,50421,WRIGHT,1/1/2000,25,1,0,0
Wright Medical Center,Clarion,IA,50525,WRIGHT,1/1/2000,25,1,0,0
Grundy County Memorial Hospital,Grundy Center,IA,50638,GRUNDY,2/1/2000,25,1,0,0
Alegent Health Mercy Hospital,Corning,IA,50841,ADAMS,7/1/2000,25,1,0,0
Pocahontas Community Hospital,Pocahontas,IA,50574,POCAHONTAS,6/1/2000,25,1,0,0
Alegent Health Community Memorial Hospital,Missouri Valley,IA,51555,HARRISON,8/1/2000,25,1,0,0
Franklin General Hospital,Hampton,IA,50441,FRANKLIN,8/1/2000,25,1,0,0
Hancock County Memorial Hospital,Britt,IA,50423,HANCOCK,8/1/2000,25,1,0,0
UnityPoint Health - Jones Regional Medical Center,Anamosa,IA,52205,JONES,7/1/2000,25,1,0,0
Adair County Memorial,Greenfield,IA,50849,ADAIR,12/1/2000,25,1,0,0
Audubon County Memorial Hospital,Audubon,IA,50025,AUDOBON,12/1/2001,25,1,0,0
Community Memorial Hospital,Sumner,IA,50674,BREMER,5/1/2001,25,1,0,0
Mercy Hospital of Franciscan Sisters,Oelwein,IA,50662,FAYETTE,7/1/2002,25,1,0,0
Crawford County Memorial Hospital,Denison,IA,51442,Crawford,3/1/2005,25,1,0,0
Genesis Medical Center,DeWitt,IA,52742,CLINTON,2/1/2001,13,1,0,0
Hansen Family Hospital,Iowa Falls,IA,50126,Hardin County,12/1/2005,25,1,10,0
Floyd County Memorial Hospital,Charles City,IA,50616,FLOYD,3/1/2003,25,1,0,0
Grape Community Hospital,Hamburg,IA,51640,FREMONT,8/1/2001,25,1,0,0
Greene County Medical Center,Jefferson,IA,50129,GREENE,8/1/2001,25,1,0,0
Guthrie County Hospital,Guthrie Center,IA,50115,GUTHRIE,3/1/2001,25,1,0,0
Guttenberg Municipal Hospital,Guttenberg,IA,52052,CLAYTON,2/1/2001,25,1,0,0
Hawarden Community Hospital,Hawarden,IA,51023,SIOUX,11/2/2000,25,1,0,0
Humboldt County Memorial Hospital,Humboldt,IA,50548,HUMBOLDT,2/1/2002,25,1,0,0
Jackson County Public Hospital,Maquoketa,IA,52060,JACKSON,11/1/2001,25,1,0,0
Keokuk County Health Center,Sigourney,IA,52591,KEIKUK,3/1/2001,25,1,0,0
Kossuth Regional Health Center,Algona,IA,50511,Kossuth,10/1/2003,25,1,0,0
Lucas County Health Center,Chariton,IA,50049,LUCAS,8/1/2002,25,1,0,0
Madison County Memorial Hospital,Winterset,IA,50273,MADISON,10/1/2001,25,1,0,0
Manning General Hospital,Manning,IA,51455,CARROLL,12/1/2001,25,1,0,0
Marengo Memorial Hospital,Marengo,IA,52301,IOWA,3/13/2001,25,1,0,0
Monroe County Hospital,Albia,IA,52531,MONROE,7/1/2002,25,1,0,0
Mercy Medical Center-New Hampton,New Hampton,IA,50659,CHICKASAW,11/1/2001,25,1,0,0
Sanford Sheldon Medical Center,Sheldon,IA,51201,Obrien,12/1/2005,25,1,0,0
Palmer Lutheran Health System,West Union,IA,52175,FAYETTE,3/1/2001,25,1,0,0
Palo Alto County Hospital,Emmetsburg,IA,50536,Palo Alto,8/1/2004,25,1,0,0
Regional Health Services of Howard County,Cresco,IA,52136,HOWARD,11/1/2001,25,1,0,0
Washington County Hospital,Washington,IA,52353,WASHINGTON,12/1/2002,25,1,0,0
Van Buren County Hospital,Keosauqua,IA,52565,VAN  BUREN,5/1/2002,25,1,0,0
Veterans Memorial Hospital,Waukon,IA,52172,ALLAMAKEE,2/28/2001,25,1,0,0
Central Community Hospital,Elkader,IA,52043,CLAYTON,3/1/2001,25,1,0,0
Dallas County Hospital,Perry,IA,50220,DALLAS,7/1/2001,25,1,0,0
Mitchell County Regional Health Center,Osage,IA,50461,MITCHELL,7/1/2001,25,1,0,0
Davis County Hospital,Bloomfield,IA,52537,DAVIS,10/1/2001,25,1,0,0
Story County Medical Center,Nevada,IA,50201,STORY,11/30/2001,25,1,0,0
Merrill Pioneer Community Hospital,Rock Rapids,IA,51246,LYON,4/1/2002,25,1,0,0
Buchanan County Health Center,Independence,IA,50644,BUCHANAN,4/1/2002,25,1,0,0
Hegg Memorial CAH,Rock Valley,IA,51247,SIOUX,3/1/2002,25,1,0,0
Waverly Municipal Health Center,Waverly,IA,50677,BREMER,7/1/2002,25,1,0,0
Decatur County Hospital,Leon,IA,50144,DECATOR,7/1/2002,25,1,0,0
Regional Medical Center of NE Iowa,Manchester,IA,52057,DELAWARE,8/1/2002,25,1,0,0
Osceola Community Hospital,Sibley,IA,51249,OSCEOLA,2/1/2003,25,1,0,0
Sioux Center Community Hospital,Sioux Center,IA,51250,SIOUX,3/1/2003,25,1,0,0
Clarke County Hospital,Osceola,IA,50213,CLARKE,3/1/2003,25,1,0,0
Virginia Gay Hospital,Vinton,IA,52349,BENTON,5/1/2003,25,1,0,0
Stewart Memorial Community Hospital,Lake City,IA,51449,CALHOUN,7/1/2003,25,1,0,0
Avera Holy Family Hospital,Estherville,IA,51334,Emmet,8/1/2003,25,1,0,0
Clarinda Regional Health Center,Clarinda,IA,51632,Page,9/1/2003,25,1,0,0
Horn Memorial Hospital,Ida Grove,IA,51445,Ida,10/1/2004,25,1,0,0
Knoxville Aea Community Hospital,Knoxville,IA,50138,Marion,12/1/2003,25,1,0,0
Henry County Health Center,Mount Pleasant,IA,52641,Henry,5/1/2004,25,1,0,0
Wayne County Hospital,Corydon,IA,50060,Wayne,8/1/2004,25,1,0,0
Burgess Health Center,Onawa,IA,51040,Monona,8/1/2004,25,1,0,0
Sioux Valley Memorial Hospital,Cherokee,IA,51012,Cherokee,10/1/2004,25,1,0,0
Jefferson County Hospital,Fairfield,IA,52556,Jefferson,11/1/2004,25,1,0,0
Montgomery County Memorial Hospital,Red Oak,IA,51566,Montgomery,10/1/2004,25,1,0,0
Orange City Municipal Hospital,Orange City,IA,51041,Sioux,10/1/2004,25,1,0,0
Hamilton County Public Hospital,Webster City,IA,50595,Hamilton,9/1/2004,25,1,0,0
Southwest Iowa Regional Medical Center,Creston,IA,50801,Union,12/1/2004,25,1,9,0
Shenandoah Memorial Hospital,Shenandoah,IA,51601,Page,1/1/2005,25,1,6,0
Pella Regional Health Center,Pella,IA,50219,Marion,1/1/2005,25,1,0,0
Floyd Valley Hospital,Le Mars,IA,51031,Plymouth,2/1/2005,25,1,0,0
Loring Hospital,Sac City,IA,50583,Sac,3/1/2005,25,1,0,0
Winneshiek County Memorial Hospital,Decorah,IA,52101,Winneshiek,5/1/2005,25,1,0,0
Boone County Hospital,Boone,IA,50036,Boone,9/1/2005,25,1,0,0
Ringgold County Hospital,Mount Ayr,IA,50854,Ringgold,9/1/2005,25,1,0,0
Shelby County Myrtue Memorial Hospital,Harlan,IA,51537,Shelby,10/1/2005,25,1,0,0
Buena Vista Regional Memorial Medical Center,Storm Lake,IA,50588,Buena Vista County,11/1/2005,25,1,10,0
Cass County Memorial Hospital,Atlantic,IA,50022,Cass,11/1/2005,25,1,4,0
Mercy Medical Center Centerville,Centerville,IA,52544,Appanoose,11/1/2005,25,1,0,0
Mercy Medical Center Dyersville,Dyersville,IA,52040,Dubuque,11/1/2005,25,1,0,0
Mahaska County Hospital,Oskaloosa,IA,52577,Mahaska,11/1/2005,25,1,8,0
Power County Hospital District,American Falls,ID,83211,POWER,7/16/1999,10,1,0,0
Boundary Community Hospital,Bonners Ferry,ID,83805,BOUNDARY,4/8/1999,20,1,0,0
North Canyon Medical Center,Gooding,ID,83330,GOODING,5/18/1999,14,1,0,0
Nell J. Redfield Memorial Hospital,Malad City,ID,83252,ONEIDA,7/1/1999,11,1,0,0
Steele Memorial Hospital,Salmon,ID,83467,LEMHI,12/14/1999,18,1,0,0
Weiser Memorial Hospital,Weiser,ID,83672,WASHINGTON,5/1/2000,25,1,0,0
Cascade Medical Center,Cascade,ID,83611,VALLEY,6/1/2000,10,1,0,0
Caribou Memorial Hospital,Soda Springs,ID,83276,CARIBOU,7/1/2000,25,1,0,0
St. Luke's Jerome Medical Center,Jerome,ID,83338,JEROME,7/1/2000,23,1,0,0
St. Luke's Elmore Medical Center,Mountain Home,ID,83647,ELMORE,8/1/2000,25,1,0,0
Syringa General Hospital,Grangeville,ID,83530,IDAHO,2/1/2001,16,1,0,0
St. Luke's McCall Medical Center,McCall,ID,83638,VALLEY,10/1/2000,15,1,0,0
Teton Valley Hospital,Driggs,ID,83422,TETON,10/3/2000,13,1,0,0
Shoshone Medical Center,Kellogg,ID,83837,SHOSHONE,12/1/2000,25,1,0,0
Lost Rivers District Hospital,Arco,ID,83213,Butte,9/29/2003,14,1,0,0
Valor Health,Emmett,ID,83617,GEM,10/1/2001,16,1,0,0
Bear Lake Memorial Hospital,Montpelier,ID,83254,BEAR LAKE,2/5/2001,21,1,0,0
Franklin County Medical Center,Preston,ID,83263,Franklin,8/1/2003,20,1,0,0
Benewah Community Hospital,St. Maries,ID,83861,BENEWAH,7/1/2001,19,1,0,0
St. Mary's Hospital and Clinics,Cottonwood,ID,83522,IDAHO,2/1/2003,23,1,0,0
Minidoka Memorial Hospital,Rupert,ID,83350,MINIDOKA,10/1/2001,25,1,0,0
Clearwater Valley Hospital and Clinics,Orofino,ID,83544,CLEARWATER,2/1/2003,23,1,0,0
St. Luke's Wood River Medical Center,Ketchum,ID,83340,Blaine,8/16/2003,25,1,0,0
Bingham Memorial Hospital,Blackfoot,ID,83221,Bingham,1/1/2004,25,1,0,0
Gritman Medical Center,Moscow,ID,83843,Latah,11/1/2004,25,0,0,0
Cassia Regional Hospital,Burley,ID,83318,Cassia,10/1/2004,25,1,0,0
Bonner General Health,Sandpoint,ID,83864,Bonner,10/1/2010,25,1,0,0
Thomas H. Boyd Memorial Hospital,Carrollton,IL,62016,GREENE,7/12/1999,25,1,0,0
Kirby Medical Center,Monticello,IL,61856,PIATT,8/8/1999,21,1,0,0
Midwest Medical Center,Galena,IL,61036,Jo Daviess,2/1/2000,25,1,0,0
Dr. John Warner Hospital,Clinton,IL,61727,Dewitt,3/1/2000,25,1,0,0
Aledo Genesis Hospital,Aledo,IL,61231,MERCER,5/1/2000,25,1,0,0
Community Memorial Hospital,Staunton,IL,62088,MACOUPIN,8/10/2000,25,1,0,0
Memorial Hospital,Carthage,IL,62321,HANCOCK,8/8/2000,25,1,0,0
Pinckneyville Community Hospital District,Pinckneyville,IL,62274,PERRY,2/6/2001,25,1,0,0
Hoopeston Regional Health Center,Hoopeston,IL,60942,VERMILLION,11/1/2001,25,1,0,0
Advocate Eureka Hospital,Eureka,IL,61530,WOODFORD,1/1/2001,25,1,0,0
OSF Saint Paul Medical Center,Mendota,IL,61342,LA SALLE,1/15/2001,25,1,0,0
Illini Community Hospital,Pittsfield,IL,62363,PIKE,9/1/2001,25,1,10,0
Fairfield Memorial Hospital,Fairfield,IL,62837,WAYNE,4/1/2001,25,1,0,0
Horizon Health,Paris,IL,61944,EDGAR,6/30/2002,25,1,0,0
Hamilton Memorial Hospital District,McLeansboro,IL,62859,HAMILTON,5/1/2003,25,1,0,0
Sparta Community Hospital,Sparta,IL,62286,Randolph,11/1/2005,25,1,0,0
Sarah D. Culbertson Memorial Hospital,Rushville,IL,62681,Schuyler,5/1/2004,25,1,0,0
Massac Memorial Hospital,Metropolis,IL,62960,MASSAC,2/1/2003,25,1,0,0
Wabash General Hospital,Mount Carmel,IL,62863,WABASH,6/1/2003,25,1,0,0
Washington County Hospital,Nashville,IL,62263,WASHINGTON,12/1/2000,25,1,0,0
OSF Saint Luke Medical Center,Kewanee,IL,61443,HENRY,2/1/2003,25,1,0,0
Rochelle Community Hospital,Rochelle,IL,61068,OGLE,6/1/2001,25,1,0,0
Mason District Hospital,Havana,IL,62644,MASON,7/1/2001,25,1,0,0
Gibson Area Hospital & Health Services,Gibson City,IL,60936,FORD,1/3/2002,25,1,0,0
OSF Holy Family Medical Center,Monmouth,IL,61462,WARREN,5/1/2002,25,1,0,0
Hammond Henry Hospital,Geneseo,IL,61254,HENRY,6/4/2002,25,1,0,0
Franklin Hospital,Benton,IL,62812,FRANKLIN,8/21/2002,25,1,0,0
Abraham Lincoln Memorial Hospital,Lincoln,IL,62656,LOGAN,2/1/2003,25,1,0,0
Ferrell Hospital,Eldorado,IL,62930,SALINE,2/1/2003,25,1,0,0
Hardin County General Hospital,Rosiclare,IL,62982,Hardin,7/9/2003,25,1,0,0
Morrison Community Hospital,Morrison,IL,61270,Whiteside,8/1/2003,25,1,0,0
Hopedale Medical Complex,Hopedale,IL,61747,Tazewell,10/1/2003,25,1,0,0
Marshall Browning Hospital,DuQuoin,IL,62832,Perry,1/1/2004,25,1,0,0
Hillsboro Area Hospital,Hillsboro,IL,62049,Montgomery,4/1/2004,25,1,0,0
St. Joseph Memorial Hospital,Murphysboro,IL,62966,Jackson,5/1/2004,25,1,0,0
Mercy Harvard Hospital,Harvard,IL,60033,MCHenry,7/1/2004,25,0,0,0
St. Joseph's Hospital,Highland,IL,62249,Madison,6/1/2004,25,1,0,0
Perry Memorial Hospital,Princeton,IL,61356,Bureau,7/15/2004,25,1,0,0
Memorial Hospital - Chester,Chester,IL,62233,Randolph,9/1/2004,25,1,0,0
Taylorville Memorial Hospital,Taylorville,IL,62568,Christian,9/1/2004,25,1,0,0
Valley West Hospital,Sandwich,IL,60548,De Kalb,8/2/2004,25,0,0,0
Pana Community Hospital,Pana,IL,62557,Christian,11/1/2004,25,1,0,0
Union County Hospital,Anna,IL,62906,Union,1/1/2005,25,1,0,0
Crawford Memorial Hospital,Robinson,IL,62454,Crawford,5/1/2005,25,1,0,0
Lawrence County Memorial Hospital,Lawrenceville,IL,62439,Lawrence,4/1/2005,25,1,0,0
Salem Township Hospital,Salem,IL,62881,Marion,5/1/2005,25,1,0,0
Fayette County Hospital,Vandalia,IL,62471,Fayette,4/1/2005,25,1,0,0
Carlinville Area Hospital,Carlinville,IL,62626,Macoupin,7/1/2005,25,1,0,0
Red Bud Regional Hospital,Red Bud,IL,62278,Randolph,7/1/2005,25,1,0,0
St. Francis Hospital,Litchfield,IL,62056,Montgomery,12/21/2005,25,0,0,0
Clay County Hospital,Flora,IL,62839,Clay,12/21/2005,25,1,0,0
Community Hospital of Bremen,Bremen,IN,46506,MARSHALL,5/5/1999,24,1,0,0
St. Vincent Randolph Hospital,Winchester,IN,47394,RANDOLPH,9/9/1999,25,1,0,0
IU Health Blackford Community Hospital,Hartford City,IN,47348,BLACKFORD,2/1/2000,15,1,0,0
"St. Vincent Jennings Community Hospital, Inc.",North Vernon,IN,47265,JENNINGS,3/1/2000,25,1,0,0
Rush Memorial Hospital,Rushville,IN,46173,RUSH,8/1/2000,25,1,0,0
Pulaski Memorial Hospital,Winamac,IN,46996,PULASKI,10/1/2000,25,1,0,0
IU Health Bedford Regional Medical Center,Bedford,IN,47421,Lawrence,10/1/2005,25,1,0,0
IU Health Paoli Hospital,Paoli,IN,47454,ORANGE,7/1/2001,25,1,0,0
Cameron Memorial Community Hospital,Angola,IN,46703,STEUBEN,2/1/2003,25,1,0,0
Franciscan Health Rensselaer,Rensselaer,IN,47978,Jasper,2/3/2005,25,1,0,0
Perry County Memorial Hospital,Tell City,IN,47586,Perry,7/1/2004,25,1,0,0
St. Vincent Williamsport Hospital,Williamsport,IN,47993,WARREN,7/1/2001,16,1,0,0
IU Health White Memorial Hospital,Monticello,IN,47960,WHITE,4/1/2002,25,1,0,0
Greene County General Hospital,Linton,IN,47441,Greene,2/1/2003,25,1,0,0
St. Vincent Clay Hospital,Brazil,IN,47834,CLAY,8/3/2001,25,1,0,0
St. Vincent Frankfort Hospital,Frankfort,IN,46041,CLINTON,1/21/2003,25,1,0,0
St. Vincent Mercy Hospital,Elwood,IN,46036,MADISON,7/2/2001,25,1,0,0
Parkview Wabash Hospital,Wabash,IN,46992,WABASH,12/17/2001,25,1,0,0
IU Health Tipton Hospital,Tipton,IN,46072,TIPTON,3/1/2002,25,1,0,0
Woodlawn Hospital,Rochester,IN,46975,FULTON,10/1/2002,25,1,0,0
St. Vincent Salem,Salem,IN,47167,WASHINGTON,12/1/2002,15,1,10,0
Dukes Memorial Hospital,Peru,IN,46970,Miami,12/1/2003,25,1,0,0
Gibson General Hospital,Princeton,IN,47670,Gibson,12/16/2003,25,1,0,0
IU Health Jay Hospital,Portland,IN,47371,Jay,1/1/2004,25,1,10,0
Harrison County Hospital,Corydon,IN,47112,Harrison,12/15/2005,25,0,0,0
St. Vincent Warrick Hospital,Boonville,IN,47601,Warrick,3/1/2005,25,1,10,0
Union Hospital Clinton,Clinton,IN,47842,Vermillion,3/1/2005,25,1,0,0
Parkview LaGrange Hospital,LaGrange,IN,46761,LaGrange,2/1/2005,25,1,0,0
Sullivan County Community Hospital,Sullivan,IN,47882,Sullivan County,6/1/2005,25,1,0,0
Margaret Mary Community Hospital,Batesville,IN,47006,Ripley,12/31/2005,25,0,0,0
Adams Memorial Hospital,Decatur,IN,46733,Adams,11/1/2005,25,1,10,0
Decatur County Memorial Hospital,Greensburg,IN,47240,Decatur,12/1/2005,25,1,0,0
Putnam County Hospital,Greencastle,IN,46135,Putnam,12/31/2005,25,1,0,0
Scott Memorial Hospital,Scottsburg,IN,47170,Scott,12/31/2005,25,0,0,0
St. Vincent Dunn Memorial Hospital,Bedford,IN,47421,Lawrence,12/31/2005,25,0,0,0
Ashland Health Center,Ashland,KS,67831,CLARK,1/1/1995,25,1,0,0
Rawlins County Health Center,Atwood,KS,67730,RAWLINS,1/1/1996,24,1,0,0
Comanche County Hospital,Coldwater,KS,67029,COMANCHE,2/1/1997,14,1,0,0
Mercy Hospital Columbus,Columbus,KS,66725,CHEROKEE,1/29/1996,25,1,0,0
Lane County Hospital,Dighton,KS,67839,LANE,1/1/1995,10,1,0,0
Ellinwood District Hospital,Ellinwood,KS,67526,BARTON,10/1/1994,25,1,0,0
Anderson County Hospital,Garnett,KS,66032,ANDERSON,9/1/1999,25,1,0,0
Edwards County Medical Center,Kinsley,KS,67547,EDWARDS,2/24/1999,12,1,10,0
Kearny County Hospital,Lakin,KS,67860,KEARNY,3/3/1997,25,1,0,0
Wichita County Health Center,Leoti,KS,67861,WICHITA,9/6/1995,13,1,0,0
Jewell County Hospital,Mankato,KS,66956,JEWELL,2/29/1996,12,1,0,0
Rooks County Health Center,Plainville,KS,67663,ROOKS,1/1/1997,25,1,0,0
Grisell Memorial Hospital,Ransom,KS,67572,NESS,12/1/1998,12,1,0,0
Cheyenne County Hospital,Saint Francis,KS,67756,CHEYENNE,6/26/1996,16,1,0,0
Sedan City Hospital,Sedan,KS,67361,CHAUTAUQUA,6/8/1999,25,1,0,0
Nemaha Valley Community Hospital,Seneca,KS,66538,NEMAHA,10/1/1999,24,1,0,0
FW Huston Medical Center,Winchester,KS,66097,JEFFERSON,11/1/1999,25,1,0,0
Holton Community Hospital,Holton,KS,66436,JACKSON,10/12/1999,25,1,0,0
Hamilton County Hospital,Syracuse,KS,67878,HAMILTON,1/1/2000,25,1,0,0
Meade District Hospital,Meade,KS,67864,MEADE,1/13/2000,20,1,0,0
Stafford County Hospital ,Stafford,KS,67578,STAFFORD,4/13/2000,25,1,0,0
Satanta District Hospital,Satanta,KS,67870,HASKELL,7/19/2000,13,1,0,0
Graham County Hospital,Hill City,KS,67642,GRAHAM,9/1/2000,25,1,0,0
Ellsworth County Medical Center,Ellsworth,KS,67439,ELLSWORTH,9/1/2000,20,1,0,0
Ottawa County Health Center,Minneapolis,KS,67467,OTTAWA,8/24/2000,25,1,0,0
Rice County District Hospital,Lyons,KS,67554,RICE,1/1/2001,25,1,0,0
Sumner County District No. 1 Hospital,Caldwell,KS,67022,SUMNER,1/1/2001,25,1,0,0
Kiowa District Healthcare,Kiowa,KS,67070,BARBER,1/31/2001,24,1,0,0
Logan County Health Services,Oakley,KS,67748,LOGAN,1/25/2001,25,1,0,0
Lincoln County Hospital,Lincoln,KS,67455,Lincoln,8/1/2003,14,1,0,0
Stanton County Hospital,Johnson,KS,67855,STANTON,1/1/2002,18,1,0,0
Trego County Lemke Memorial Hospital,Wakeeny,KS,67672,TREGO,4/1/2003,25,1,0,0
Ness County Hospital,Ness City,KS,67560,NESS,7/1/2001,20,1,0,0
Minneola Healthcare,Minneola,KS,67865,Clark,2/1/2004,25,1,0,0
Kiowa County Memorial Hospital,Greensburg,KS,67054,KIOWA,2/28/2001,25,1,10,0
Greeley County Health Services,Tribune,KS,67879,GREELEY,6/1/2003,18,1,0,0
Rush County Memorial Hospital,La Crosse,KS,67548,RUSH,11/27/2001,24,1,0,0
Clara Barton Hospital,Hoisington,KS,67544,BARTON,3/29/2001,25,1,0,0
Medicine Lodge Memorial Hospital,Medicine Lodge,KS,67104,BARBER,4/1/2001,25,1,0,0
Stevens County Hospital,Hugoton,KS,67951,Stevens,5/3/2001,25,1,0,0
Sabetha Community Hospital,Sabetha,KS,66534,NEMAHA,10/1/2001,25,1,0,0
Greenwood County Hospital,Eureka,KS,67045,GREENWOOD,10/5/2001,25,1,0,0
Herington Municipal Hospital,Herington,KS,67449,DICKINSON,11/2/2001,25,1,0,0
Hiawatha Community Hospital,Hiawatha,KS,66434,BROWN,1/1/2002,25,1,0,0
Wamego Health Center ,Wamego,KS,66547,POTTAWATOMIE,10/1/2001,25,1,0,0
Wilson Medical Center,Neodesha,KS,66757,WILSON,3/1/2002,25,1,10,0
The University of Kansas Health System Pawnee Valley Campus,Larned,KS,67550,BARTON,4/7/2002,25,1,0,0
Hospital District #6,Anthony,KS,67003,HARPER,7/1/2002,25,1,0,0
Sheridan County Hospital,Hoxie,KS,67740,SHERIDAN,6/19/2002,25,1,0,0
Norton County Hospital,Norton,KS,67654,NORTON,8/5/2002,25,1,0,0
Cloud County Health Center,Concordia,KS,66901,CLOUD,10/1/2002,25,1,0,0
Russell Regional Hospital,Russell,KS,67665,RUSSELL,12/1/2002,25,1,0,0
Washington County Hospital,Washington,KS,66968,WASHINGTON,1/1/2003,25,1,0,0
Decatur Health Systems Inc.,Oberlin,KS,67749,DECATUR,1/3/2003,24,1,0,0
Phillips County Health Systems ,Phillipsburg,KS,67661,PHILLIPS,4/1/2003,25,1,0,0
Community HealthCare System of Southeast Kansas,Onaga,KS,66521,Pottawatomie,4/1/2003,25,1,10,0
St. Luke Hospital and Living Center ,Marion,KS,66861,MARION,2/14/2003,22,1,0,0
Hillsboro Community Medical Center,Hillsboro,KS,67063,MARION,6/2/2003,25,1,0,0
Lindsborg Community Hospital,Lindsborg,KS,67456,MCPHERSON,7/1/2003,25,1,0,0
Republic County Hospital,Belleville,KS,66935,Republic,9/1/2003,25,1,0,0
Citizens Medical Center,Colby,KS,67701,Thomas,9/1/2003,25,1,0,0
Community Memorial Healthcare,Marysville,KS,66508,Marshall,10/1/2003,25,1,0,0
Osborne County Memorial Hospital,Osborne,KS,67473,Osborne,10/1/2003,25,1,0,0
Hanover Hospital,Hanover,KS,66945,Hanover,11/1/2003,16,1,0,0
Gove County Medical Center,Quinter,KS,67752,Gove,1/2/2004,25,1,0,0
Hodgeman County Health Center,Jetmore,KS,67854,Hodgeman,5/1/2004,13,1,0,0
Goodland Regional Medical Center,Goodland,KS,67735,Sherman,4/1/2004,25,1,0,0
Clay County Medical Center,Clay Center,KS,67432,Clay,5/1/2004,25,1,0,0
Scott County Hospital,Scott City,KS,67871,Scott,8/1/2004,25,1,0,0
Allen County Regional Hospital,Iola,KS,66749,Allen,9/1/2004,25,1,0,0
Fredonia Regional Hospital,Fredonia,KS,66736,Wilson,1/1/2005,25,1,9,0
Mitchell County Hospital Health Systems,Beloit,KS,67420,Mitchell,3/1/2005,25,1,10,0
Girard Medical Center,Girard,KS,66743,Crawford,6/1/2005,25,1,10,0
Smith County Memorial Hospital,SmithCenter,KS,66967,Smith,7/1/2005,25,1,0,0
Morris County Hospital,Council Grove,KS,66846,Morris,7/1/2005,25,1,0,0
Kingman Community Hospital,Kingman,KS,67068,Kingman,7/1/2005,25,1,0,0
Neosho Memorial Regional Medical Center,Chanute,KS,66720,Neosho,9/1/2005,25,1,0,0
Memorial Health System,Abilene,KS,67410,Dickinson,12/1/2005,25,1,10,0
Atchison Hospital,Atchison,KS,66002,Atchison,12/1/2005,25,1,0,0
William Newton Hospital,Winfield,KS,67156,Cowley,12/31/2005,25,1,0,0
Newman Regional Health,Emporia,KS,66801,LYON,12/1/2013,25,0,0,10
Coffey County Hospital,Burlington,KS,66839,Coffey,7/11/2017,25,0,0,0
Marcum & Wallace Memorial Hosptial,Irvine,KY,40336,ESTILL,7/13/2000,25,1,0,0
Ephraim McDowell James B. Haggin Hospital,Harrodsburg,KY,40330,MERCER,11/1/2000,25,1,0,0
Trigg County Hospital,Cadiz,KY,42211,TRIGG,11/1/2000,25,1,0,0
Morgan County ARH,West Liberty,KY,41472,MORGAN,2/1/2001,20,1,0,0
Breckinridge Memorial Hospital,Hardinsburg,KY,40143,Breckinridge,12/1/2003,25,1,0,0
Caldwell Medical Center,Princeton,KY,42445,Caldwell,7/4/2004,25,1,0,0
Carroll County Hospital,Carrollton,KY,41008,CARROLL,5/1/2001,25,1,0,0
Casey County Hospital,Liberty,KY,42539,CASEY,4/15/2001,24,1,0,0
The Medical Center at Caverna,Horse Cave,KY,42749,HART,10/1/2002,25,1,0,0
Cumberland County Hospital,Burkesville,KY,42717,Cumberland,8/1/2003,25,1,0,0
Ephraim McDowell Fort Logan Hospital,Stanford,KY,40484,Lincoln,9/1/2003,25,1,0,0
The Medical Center at Franklin,Franklin,KY,42135,Simpson,9/2/2003,25,1,0,0
Barbourville ARH,Barbourville,KY,40906,Knox,12/1/2005,25,1,0,0
Livingston Hospital and Healthcare Services,Salem,KY,42078,Livingston,1/1/2004,25,1,0,0
Marshall County Hospital,Benton,KY,42025,Marshall,12/1/2005,25,1,0,0
Mary Breckenridge ARH Hospital,Hyden,KY,41749,Leslie,9/1/2003,25,1,0,0
ARH Our Lady of the Way,Martin,KY,41649,FLOYD,12/1/2000,25,1,0,0
Russell County Hospital,Russell Springs,KY,42642,Russell,12/25/2005,25,1,0,0
St. Elizabeth Grant,Williamstown,KY,41097,GRANT,6/1/2001,25,0,0,0
Methodist Hospital Union County,Morganfield,KY,42437,UNION,1/1/2001,25,1,0,0
Wayne County,Monticello,KY,42633,Wayne,12/6/2004,25,1,0,0
Bluegrass Community Hospital,Versailles,KY,40383,Woodford,1/5/2001,25,1,0,0
Ohio County Hospital,Hartford,KY,42347,Ohio County,8/1/2004,25,1,0,0
The Medical Center of Scottsville,Scottsville,KY,42164,Warren,7/1/2005,25,1,0,0
Jane Todd Crawford Hospital,Greenburg,KY,42743,Green,6/14/2005,25,0,10,0
St. Joseph Berea,Berea,KY,40403,Madison,12/1/2005,25,1,0,0
McDowell ARH Hospital,McDowell,KY,41647,Floyd,12/16/2005,25,1,0,0
St.Helena Parish Hospital CAH,Greensburg,LA,70441,ST. HELENA PARISH,12/1/1999,25,1,0,0
Union General Hospital,Farmerville,LA,71241,UNION PARISH,7/25/2000,25,1,0,0
Abrom Kaplan Memorial Hospital,Kaplan,LA,70548,VEMILLION PARISH,8/1/2005,23,1,10,0
Acadia-St. Landry Hospital,Church Point,LA,70525,ACADIA,11/1/2004,23,1,10,0
Bunkie General Hospital,Bunkie,LA,71322,Avoyelles Parish,5/1/2004,25,1,8,0
Christus Coushatta Health Center,Coushatta,LA,71019,RED RIVER,7/1/2004,25,1,0,0
DeQuincy Memorial Hospital,DeQuincy,LA,70633,CALCASIEU,2/1/2002,25,1,10,0
Franklin Foundation Hospital,Franklin,LA,70538,ST.MARY PARISH,4/1/2003,25,1,8,0
Hood Memorial Hospital,Amite,LA,70422,TANGIPAHOA PARISH,4/1/2003,25,1,0,0
Jackson Parish Hospital,Jonesboro,LA,71251,JACKSON,11/1/2004,25,1,0,0
North Caddo Memorial Hospital,Vivian,LA,71082,CADDO PARISH,7/1/2001,25,1,0,0
Richland Parish Hospital,Delhi,LA,71232,RICHLAND,10/1/2005,25,1,0,0
St. James Parish Hospital,Lutcher,LA,70071,ST. JAMES PARISH,8/1/2001,25,1,0,0
Reeves Memorial Medical Center,Bernice,LA,71222,UNION PARISH,12/30/2005,11,1,0,0
West Feliciana Parish Hospital,Saint Francisville,LA,70775,WEST FELICIANA PARISH,1/1/2002,22,1,0,0
Assumption Community Hospital,Napoleanville,LA,70390,ASSUMPTION PARISH,5/25/2001,15,0,0,0
Prevost Memorial Hospital,Donaldsonville,LA,70346,ASCENSION PARISH,2/1/2002,25,1,8,0
St. Martin Parish Hospital,Breaux Bridge,LA,70517,St. Martin Parish,7/1/2001,25,1,0,0
Hardtner Medical Center,Olla,LA,71465,La Salle Parish,10/1/2004,25,1,10,0
Pointe Coupee General Hospital,New Roads,LA,70760,Pointe Coupee Parish,11/1/2004,25,1,0,0
Riverland Medical Center,Ferriday,LA,71334,Concordia Parish,11/1/2004,25,1,0,0
Riverside Medical Center,Franklinton,LA,70438,Washington Parish,7/2/2004,25,1,0,0
Bienville Medical Center,Arcadia,LA,71001,Bienville Parish,1/19/2005,21,1,0,0
Madison Parish Hospital,Tullulah,LA,71282,Madison,1/1/2005,25,1,0,0
Lallie Kemp Medical Center,Independence,LA,70443,Tagipahoa,7/1/2005,25,1,0,0
St. Anne General Hospital,Raceland,LA,70394,Lafourche Parish,12/31/2005,25,0,10,0
Lady of the Sea General Hospital,Cut Off,LA,70345,Lafourche Parish,12/31/2005,25,1,10,0
Athol Memorial Hospital,Athol,MA,01331,Worcester,12/1/2005,25,0,0,0
Fairview Hospital,Great Barrington,MA,01230,Berkshire,3/1/2003,25,1,0,0
Martha's Vineyard Hospital,Oak Bluffs,MA,02557,DUKES,6/22/2001,19,1,0,0
Blue Hill Memorial Hospital,Blue Hill,ME,04614,HANCOCK,12/23/1998,23,1,0,0
Charles A. Dean Memorial Hospital,Greenville,ME,04441,PISCATAQUIS,4/28/1999,23,1,0,0
Penobscot Valley Hospital,Lincoln,ME,04457,PENOBSCOT,8/1/2000,25,1,0,0
Mount Desert Island Hospital,Bar Harbor,ME,04609,HANCOCK,10/3/2000,25,1,0,0
Calais Regional Hospital,Calais,ME,04619,WASHINGTON,1/1/2001,25,1,0,0
Bridgton Hospital,Bridgton,ME,04009,Cumberland,1/1/2005,25,1,0,0
Rumford Community Hospital,Rumford,ME,04276,OXFORD,7/1/2002,25,1,0,0
Millinocket Regional Hospital,Millinocket,ME,04462,PENOBSCOT,11/1/2002,21,1,0,0
Mayo Regional Hospital Dover-Foxcroft,Dover-Foxcroft,ME,04426,Piscataquis,10/1/2004,25,1,0,0
Sebasticook Valley Hospital,Pittsfield,ME,04967,Somerset,10/1/2005,25,1,0,0
Down East Community Hospital,Machias,ME,04654,Washington,8/1/2005,25,0,0,0
Houlton Regional Hospital,Houlton,ME,04730,Aroostook,10/1/2004,25,0,0,0
Waldo County General Hospital,Belfast,ME,04915,Waldo,8/1/2005,25,0,0,0
Redington-Fairview General Hospital,Skowhegan,ME,04976,Somerset,12/1/2005,25,1,0,0
Stephens Memorial Hospital,Norway,ME,04268,Oxford,12/1/2010,25,1,0,0
LincolnHealth - Miles Campus,Damariscotta,ME,04543,Lincoln,5/1/1999,25,0,0,0
Paul Oliver Memorial Hospital,Frankfort,MI,49635,BENZIE,9/1/1999,8,1,0,0
Kalkaska Memorial Health Center,Kalkaska,MI,49646,KALKASKA,12/1/1999,8,0,0,0
Schoolcraft Memorial Hospital,Manistique,MI,49854,SCHOOLCRAFT,1/1/2000,25,1,0,0
Helen Newberry Joy Hospital,Newberry,MI,49868,LUCE,1/1/2000,25,1,0,0
Standish Community Hospital,Standish,MI,48658,ARENAC,2/9/2000,25,1,0,0
Baraga County Memorial Hospital,L'anse,MI,49946,Baraga,5/3/2000,24,1,0,0
Mackinac Straits Hospital,Saint Ignace,MI,49781,MACKINAC,4/26/2000,15,1,0,0
Ontonagon Memorial Hospital,Ontonagon,MI,49953,ONTONAGON,6/7/2000,25,1,0,0
Munising Memorial Hospital,Munising,MI,49862,ALGER,6/1/2000,25,1,0,0
Scheurer Hospital,Pigeon,MI,48755,HURON,7/1/2000,25,1,0,0
Deckerville Community Hospital,Deckerville,MI,48427,SANILAC,8/9/2000,15,0,0,0
Sheridan Community Hospital,Sheridan,MI,48884,MONTCALM,9/1/2000,25,1,0,0
Northstar Health System,Iron River,MI,49935,Iron,7/1/2004,25,1,0,0
Harbor Beach Community Hospital Inc.,Harbor Beach,MI,48441,HURON,3/1/2001,25,1,0,0
Hills & Dales General Hospital,Cass City,MI,48726,Tuscola,1/1/2004,25,1,0,0
Kelsey Memorial Hospital,Lakeview,MI,48850,Montcalm,3/15/2004,25,1,0,0
Grand View Hospital,Ironwood,MI,49938,Gogebic,9/1/2005,25,1,0,0
Keweenaw Memorial Medical Center,Laurium,MI,49913,Houghton,8/1/2004,25,1,0,0
McKenzie Memorial Hospital,Sandusky,MI,48471,SANILAC,10/1/2002,25,1,0,0
Borgess-Lee Memorial Hospital,Dowagiac,MI,49047,CASS,9/1/2002,25,0,0,0
Mercy Health Partners Lakeshore Campus,Shelby,MI,49455,Oceana,10/1/2004,24,0,0,0
Bell Hospital,Ishpeming,MI,49849,Marquette,10/1/2004,25,1,0,0
Charlesvoix Arear Hospital,Charlevoix,MI,49720,Charlevoix,1/1/2005,25,1,0,0
Spectrum Health Reed City Campus,Reed City,MI,49677,Osceola,2/4/2005,25,1,0,0
Eaton Rapids Medical Center,Eaton Rapids,MI,48827,Eaton,9/1/2005,20,1,0,0
Midmichigan Medical Center - Gladwin,Gladwin,MI,48624,Gladwin,7/1/2005,25,1,0,0
Clinton Memorial Hospital,St Johns,MI,48879,Clinton,7/1/2005,25,1,0,0
Hayes Green Beach Memorial Hospital,Charlotte,MI,48813,Eaton,11/1/2005,25,1,0,0
Allegan General Hospital,Allegan,MI,49010,Allegan,10/18/2005,25,1,9,0
Caro Community Hospital,Caro,MI,48723,Tuscola,11/1/2005,25,0,0,0
Marlette Community Hospital,Marlette,MI,48453,Sanilac,11/1/2005,25,1,0,0
Ionia County Memorial Hospital,Ionia,MI,48846,Ionia,12/1/2005,25,0,0,0
Bronson Lakeview Hospital,Paw Paw,MI,49079,Van Buren,12/2/2005,25,0,10,0
ProMedica Herrick Hospital,Tecumseh,MI,49286,Lenawee,12/31/2005,25,0,10,0
St. Francis Hospital,Escanaba,MI,49829,Delta,6/26/2012,25,1,0,0
Spectrum Health Gerber Memorial       ,Fremont,MI,49412,Newaygo,7/1/2014,25,0,10,0
Spectrum Health Pennock,Hastings,MI,49058,Barry,2/12/2019,25,0,0,0
LakeWood Health Center,Baudette,MN,56623,LAKE OF THE WOODS,7/29/1999,15,1,0,0
Mahnomen Health Center,Mahnomen,MN,56557,MAHNOMEN,4/26/1999,18,1,0,0
Sanford Wheaton Medical Center,Wheaton,MN,56296,TRAVERSE,7/1/2000,25,1,0,0
Sanford Westbrook Medical Center,Westbrook,MN,56183,COTTONWOOD,4/11/2000,13,1,0,0
Sanford Tracy,Tracy,MN,56175,LYON,4/11/2000,25,1,0,0
Riverwood Healthcare Center,Aitkin,MN,56431,AITKIN,8/2/2000,24,1,0,0
Renville County Hospital,Olivia,MN,56277,RENVILLE,10/1/2000,25,1,0,0
Ridgeview Sibley Medical Center,Arlington,MN,55307,SIBLEY,2/1/2001,25,1,0,0
Sanford Bagley Medical Center,Bagley,MN,56621,CLEARWATER,2/1/2002,25,1,0,0
Bigfork Valley Hospital,Bigfork,MN,56628,ITHASCA,9/1/2001,20,1,0,0
Sanford Canby Medical Center,Canby,MN,56220,YELLOW MEDICINE,7/1/2003,25,1,0,0
Cook Hospital,Cook,MN,55723,ST. LOUIS,2/1/2001,14,1,0,0
Johnson Memorial Hospital,Dawson,MN,56232,LAC QUI PARLE,10/1/2001,25,1,0,0
Essentia Health Fosston,Fosston,MN,56542,Polk,8/1/2004,25,1,0,0
North Shore Health,Grand Marais,MN,55604,COOK,10/1/2001,16,1,0,0
Rainy Lake Medical Center,International Falls,MN,56649,KOOCHICHING,12/1/2001,25,1,0,0
Minnesota Valley Health Center Inc,Le Sueur,MN,56058,Le Sueur,9/1/2005,25,1,0,0
Madison Hospital,Madison,MN,56256,Lac qui Parle,1/1/2005,25,1,0,0
Chippewa County Montevideo Hospital,Montevideo,MN,56265,CHIPPEWA,1/1/2002,25,1,0,0
FirstLight Health System,Mora,MN,55051,Kanabec,4/1/2005,25,1,0,0
Mille Lacs Health System,Onamia,MN,56359,Mille Lacs,10/1/2004,25,1,10,0
Pipestone County Medical Center,Pipestone,MN,56164,Pipestone,9/1/2005,25,1,0,0
Carris Health Redwood,Redwood Falls,MN,56283,Redwood,2/1/2004,25,1,0,0
River's Edge Hospital & Clinic,St. Peter,MN,56082,NICOLLET,4/1/2002,17,1,0,0
Essentia Health Sandstone,Sandstone,MN,55072,PINE,11/1/2000,25,1,0,0
Murray County Memorial Hospital,Slayton,MN,56172,MURRAY,12/1/2001,25,1,0,0
Lake View Memorial Hospital,Two Harbors,MN,55616,LAKE,11/1/2000,25,1,0,0
Avera Tyler Hospital,Tyler,MN,56178,Lincoln,9/1/2003,15,1,0,0
Mayo Clinic Health System - Waseca,Waseca,MN,56093,WASECA,3/1/2003,25,1,0,0
Sanford Jackson Medical Center,Jackson,MN,56143,JACKSON,10/1/2001,20,1,0,0
Ely Bloomenson Community Hospital,Ely,MN,55731,ST. LOUIS,10/1/2001,25,1,0,0
Riverview Hospital,Crookston,MN,56716,POLK,11/1/2001,25,1,0,0
Madelia Community Hospital,Madelia,MN,56062,WATONWAN,11/1/2001,25,1,0,0
Holy Trinity Hospital & Grace Home,Graceville,MN,56240,BIG STONE,10/31/2001,25,1,0,0
CentraCare Health System - Long Prairie,Long Prairie,MN,56347,TODD,1/1/2002,25,1,0,0
Sleepy Eye Medical Center,Sleepy Eye,MN,56085,BROWN,2/1/2002,25,1,0,0
Lakewood Health System,Staples,MN,56479,WADENA,3/12/2002,25,1,10,0
CentraCare Health System - Melrose Hospital,Melrose,MN,56352,STEARNS,4/1/2002,25,1,0,0
Windom Area Hospital,Windom,MN,56101,COTTONWOOD,3/1/2002,25,1,0,0
Mayo Clinic Health System - St James,St. James,MN,56081,WATONWAN,4/1/2002,25,1,0,0
St. Elizabeth Medical Center,Wabasha,MN,55981,WABASHA,5/1/2002,25,1,0,0
Kittson Memorial Hospital,Hallock,MN,56728,KITTSON,4/1/2002,15,1,0,0
North Valley Health Center,Warren,MN,56762,MARSHALL,4/3/2002,15,1,0,0
Mayo Clinic Health System - Lake City,Lake City,MN,55041,WABASH,6/1/2002,15,1,0,0
Hendricks Community Hospital,Hendricks,MN,56136,LINCOLN,7/1/2002,15,1,0,0
Essentia Health Northern Pines Medical Center,Aurora,MN,55705,WHITE,7/1/2002,15,1,0,0
Appleton Municipal Hospital,Appleton,MN,56208,SWIFT,8/1/2002,15,1,0,0
Municipal Hospital and Granite Manor,Granite Falls,MN,56241,YELLOW MEDICINE,10/1/2002,15,1,0,0
LifeCare Medical Center,Roseau,MN,56751,ROSEAU,10/1/2002,15,1,0,0
Ortonville Area Health Services,Ortonville,MN,56278,BIG STONE,10/1/2002,15,1,0,0
Mayo Clinic Health System - Cannon Falls,Cannon Falls,MN,55009,GOODHUE,7/1/2003,25,1,0,0
Mercy Hospital,Moose Lake,MN,55767,Carlton,1/1/2004,25,1,0,0
CentraCare Health - Paynesville,Paynesville,MN,56362,Stearns,12/2/2003,25,1,0,0
Cuyuna Regional Medical Center,Crosby,MN,56441,Crow Wing,6/1/2004,25,1,0,0
Tri-County Hospital,Wadena,MN,56482,Wadena,8/1/2004,25,1,0,0
Glencoe Regional Health Services,Glencoe,MN,55336,McLeod,9/1/2004,25,1,0,0
Cass Lake Indian Health Service Hospital,Cass Lake,MN,56633,Cass,9/1/2004,13,1,0,0
Mayo Clinic Health System - Springfield,Springfield,MN,56087,Brown,2/1/2004,25,1,0,0
Essentia Health - Deer River,Deer River,MN,56636,Itasca,10/1/2004,20,1,0,0
Mayo Clinic Health System - New Prague,New Prague,MN,56071,Scott,12/1/2004,25,0,0,0
Avera Marshall Regional Medical Center,Marshall,MN,56258,Lyon,11/1/2004,25,1,10,0
CentraCare Health - Monticello,Monticello,MN,55362,Wright,2/1/2005,25,1,10,0
Stevens Community Medical Center,Morris,MN,56267,Stevens,12/1/2004,25,1,0,0
Community Memorial Hospital,Cloquet,MN,55720,Carleton,1/1/2005,25,1,11,0
Swift County Benson Hospital,Benson,MN,56215,Swift,2/1/2005,25,1,0,0
Meeker Memorial Hospital,Litchfield,MN,55355,Meeker,2/1/2005,25,1,8,0
CentraCare Health System - Sauk Centre,Sauk Centre,MN,56378,Stearns,5/1/2005,25,1,0,0
United Hospital District,Blue Earth,MN,56013,Fairbault,7/1/2005,25,1,0,0
St. Gabriel's Hospital,Little Falls,MN,56345,Morrison,7/1/2005,25,1,0,0
Sanford Luverne Medical Center,Luverne,MN,56156,Rock County,7/1/2005,25,1,0,0
Perham Health,Perham,MN,56573,Otter Tail,10/1/2005,25,1,0,0
Glacial Ridge Hospital,Glenwood,MN,56334,Pope,12/1/2005,25,1,0,0
St. Francis Medical Center,Breckenridge,MN,56520,Wilkin,11/1/2005,25,1,0,0
Prairie Ridge Hospital and Health Services,Elbow Lake,MN,56531,Gant,12/6/2005,20,0,0,0
St. Joseph's Area Health Services,Park Rapids,MN,56470,Hubbard,12/31/2005,25,1,0,0
Sanford Thief River Falls Medical Center,Thief River Falls,MN,56701,Pennington,12/31/2005,25,0,10,0
Essentia Health Ada,Ada,MN,56510,NORMAN,7/1/2001,25,1,0,0
New Ulm Medical Center,New Ulm,MN,56073,Brown,12/16/2005,25,1,10,0
Ellett Memorial Hospital,Appleton City,MO,64724,LAWRENCE,12/14/1999,12,1,0,0
Madison Medical Center,Fredrickton,MO,63645,MADISON,7/1/2000,25,1,0,0
Community Hospital Association,Fairfax,MO,64446,ATCHINSON,5/1/2000,25,1,0,0
Putnam County Memorial Hospital,Unionville,MO,63565,Putnam,8/1/2000,18,1,0,0
Sullivan County Memorial Hospital,Milan,MO,63556,SULLIVAN,11/1/2000,25,1,0,0
Hermann Area District Hospital,Hermann,MO,65041,GASCONADE,1/1/2003,24,1,0,0
Mercy St. Francis Hospital,Mountain View,MO,65548,Howell,12/19/2005,25,1,0,0
Pershing Memorial Hospital,Brookfield,MO,64628,LINN,7/1/2001,25,1,0,0
Pike County Memorial Hospital,Louisiana,MO,63353,Pike,12/7/2005,25,0,0,0
Cox-Monett Hospital,Monette,MO,65708,Barry,9/30/2005,25,1,0,0
Washington County Memorial Hospital,Potosi,MO,63664,WASHINGTON,6/1/2001,25,1,0,0
Wright Memorial Hospital,Trenton,MO,64683,GRUNDY,7/1/2001,25,1,0,0
Macon County Samaritan Memorial Hospital,Macon,MO,63552,MACON,11/1/2001,25,1,0,0
Mercy Hospital Aurora,Aurora,MO,65605,Lawrence County,5/13/2004,25,1,0,0
Hedrick Medical Center,Chillicothe,MO,64601,Livingston,1/1/2005,25,0,0,0
Scotland County Memorial Hospital,Memphis,MO,63555,SCOTLAND,7/1/2001,25,1,0,0
Perry County Memorial Hospital,Perryville,MO,63775,PERRY,10/1/2001,25,1,0,0
Harrison County Community Hospital,Bethany,MO,64424,HARRISON,10/1/2001,20,1,0,0
Parkland Health Center,Bonne Terre,MO,63628,ST. FRANCOIS,1/1/2003,3,1,0,0
Mercy Hospital Cassville,Cassville,MO,65625,Barry,5/13/2004,18,1,0,0
Salem Memorial District Hospital,Salem,MO,65560,Dent,8/3/2004,25,1,0,0
Mercy Hospital Lincoln,Troy,MO,63379,Lincoln,9/1/2004,25,1,0,0
Lafayette Regional Health Center,Lexington,MO,64067,Lafayette,9/1/2004,25,1,0,0
Excelsior Springs Medical Center,Excelsior Springs,MO,64024,Clay,11/8/2004,25,1,0,0
Cedar County Memorial Hospital,El Dorado Springs,MO,64744,Cedar,5/16/2005,25,0,0,0
Cass Regional Medical Center,Harrisonville,MO,64701,Cass,4/11/2005,25,1,10,0
Ray County Memorial Hospital,Richmond,MO,64085,Ray,8/1/2005,25,1,0,0
Northwest Medical Center,Albany,MO,64402,Gentry,10/1/2005,25,1,0,0
St. Genevieve County Memorial Hospital,St. Genevieve,MO,63670,St. Genevieve,10/1/2005,25,1,0,0
Freeman Neosho Hospital,Neosho,MO,64850,Newton,10/5/2005,25,1,0,0
Carroll County Memorial Hospital,Carrollton,MO,64633,Carroll,11/1/2005,25,1,0,0
Barton County Memorial Hospital,Lamar,MO,64759,Barton,5/1/2005,25,1,0,0
Iron County Hospital,Pilot Knob,MO,63663,Iron,3/21/2007,15,0,0,0
Missouri Baptist Hospital Sullivan,Sullivan,MO,63080,Franklin,9/1/2012,25,1,10,0
Mercy Hospital Carthage       ,Carthage,MO,64836,Jasper,2/5/2015,25,0,0,0
S.E. Lackey Memorial Hospital,Forest,MS,39074,SCOTT,9/11/2000,25,1,0,0
Field Memorial Community Hospital,Centreville,MS,39631,WILKINSON,10/1/2002,25,1,0,0
Franklin County Memorial Hospital,Meadville,MS,39653,Franklin,4/30/2009,23,1,0,0
HC Watkins Memorial Hospital,Quitman,MS,39355,Clark,1/1/2004,25,1,0,0
North Sunflower Medical Center,Ruleville,MS,38771,Sunflower,10/1/2004,25,1,10,0
Tallahatchie General Hospital,Charleston,MS,38921,TALLAHATCHIE,2/1/2002,9,1,0,0
Walthall County General Hospital,Tylertown,MS,39667,Walthal,10/1/2005,25,1,10,0
Monroe Regional Hospital,Aberdeen,MS,39730,MONROE,9/1/2001,25,1,8,0
Claiborne County Hospital,Port Gibson,MS,39150,Claiborne,10/1/2004,25,1,10,0
Jefferson Davis Community Hospital,Prentiss,MS,39474,Jeferson Davis,1/1/2006,25,1,10,0
Noxubee General Hospital,Macon,MS,39341,NOXUBEE,10/1/2002,25,1,0,0
Pearl River County Hospital & Nursing Home,Poplarville,MS,39470,Pearl River,11/10/2010,24,1,0,0
Perry County General Hospital,Richton,MS,39476,PERRY,2/28/2002,23,1,0,0
Stone County Hospital,Wiggins,MS,39577,STONE,12/6/2001,25,1,0,0
Lawrence County Hospital,Monticello,MS,39654,LAWRENCE,2/1/2002,25,1,0,0
Pontotoc Health Services,Pontotoc,MS,38863,Pontotoc,10/1/2002,25,1,0,0
Baptist Medical Center of Leake,Carthage,MS,39051,LEAKE,1/1/2004,25,1,0,0
Tyler Holmes Community Hospital,Winona,MS,38967,Montgomery,10/1/2003,25,1,0,0
Baptist Medical Center Yazoo,Yazoo City,MS,39194,Yazoo,10/1/2003,25,1,10,0
Simpson General Hospital,Mendenhall,MS,39114,Simpson,9/30/2004,25,0,10,0
University of Mississippi Medical Center Holmes County,Lexington,MS,39095,Holmes,10/1/2004,25,0,0,0
Laird Hospital,Union,MS,39365,Newton,11/30/2004,25,1,0,0
Scott Regional Hospital,Morton,MS,39117,Scott,10/1/2005,25,1,0,0
Covington County Hospital,Collins,MS,39428,Covington,1/1/2006,25,1,10,0
Hardy Wilson Memorial Hospital,Hazelhurst,MS,39083,Copiah,1/1/2006,25,1,10,0
Greene County Hospital,Leakesville,MS,39451,Greene,1/1/2006,3,1,0,0
Baptist Memorial Hospital-Calhoun,Calhoun City,MS,38916,Calhoun,3/13/2009,21,0,9,0
John C. Stennis Memorial Hospital,De Kalb,MS,39328,Kemper,7/28/2011,25,0,0,0
Choctaw Regional Medical Center,Ackerman,MS,39735,Choctaw,4/22/2011,25,0,0,0
Baptist Medical Center-Attala,Kosciusko,MS,39090,ATTALA,12/1/2013,25,0,0,0
Tippah County Hospital ,Ripley,MS,38663,Tippah,3/11/1994,25,1,0,0
Big Sandy Medical Center,Big Sandy,MT,59520,CHOUTEAU,10/1/1999,25,1,0,0
Pioneer Medical Center,Big Timber,MT,59011,SWEET GRASS,10/1/1999,25,1,0,0
Benefis Teton Medical Center,Choteau,MT,59422,TETON,10/1/1999,12,1,0,0
McCone County Health Center,Circle,MT,59215,MCCONE,10/1/1999,8,1,0,0
Roosevelt Medical Center,Culbertson,MT,59218,ROOSEVELT,10/1/1999,10,1,0,0
Deer Lodge Medical Center,Deer Lodge,MT,59722,POWELL,9/8/1999,19,1,0,0
Dahl Memorial Health Care Association,Ekalaka,MT,59324,CARTER,10/1/1999,8,1,0,0
Missouri River Medical Center,Fort Benton,MT,59442,CHOUTEAU,10/1/1999,11,1,0,0
Wheatland Memorial Hospital,Harlowton,MT,59036,WHEATLAND,10/1/2001,25,1,0,0
Garfield County Health Center,Jordan,MT,59337,GARFIELD,10/1/1999,4,1,0,0
Phillips County Hospital,Malta,MT,59538,PHILLIPS,10/1/1999,6,1,0,0
Granite County Medical Center,Philipsburg,MT,59858,GRANITE,10/1/1999,9,1,0,0
Poplar Community Hospital,Poplar,MT,59255,FLATHEAD,8/9/1999,20,1,0,0
Prairie Community Hospital,Terry,MT,59349,PRAIRIE,10/1/1999,21,0,0,0
Mountainview Medical Center,White Sulphur Springs,MT,59645,MEAGHER (AHA identifies Cascade County),10/1/1999,25,1,0,0
Ruby Valley Hospital,Sheridan,MT,59749,MADISON,9/1/2001,10,1,0,0
Broadwater Health Center,Townsend,MT,59644,BROADWATER,3/1/2003,9,1,0,0
Daniels Memorial Healthcare Center,Scobey,MT,59263,DANIELS,7/1/2005,24,1,0,0
Madison Valley Medical Center,Ennis,MT,59729,MADISON,10/1/2002,9,1,0,0
Fort Belknap Service Unit,Harlem,MT,59526,BLAINE,8/3/1999,6,0,0,0
Frances Mahon Deaconess Hospital,Glasgow,MT,59230,VALLEY,3/1/2001,25,1,0,0
Barrett Hospital and Healthcare,Dillon,MT,59725,BEAVERHEAD,7/1/2001,20,1,0,0
Livingstone Healthcare,Livingston,MT,59047,PARK,3/1/2001,25,1,0,0
Clark Fork Valley Hospital,Plains,MT,59859,SANDERS,1/1/2002,16,1,0,0
Fallon Medical Complex,Baker,MT,59313,FALLON,7/1/2001,25,1,0,0
Liberty Medical Center,Chester,MT,59522,TETON,4/1/2003,11,1,0,0
Rosebud Health Care Center,Forsyth,MT,59327,ROSEBUD,8/1/2002,11,1,0,0
Stillwater Community Hospital,Columbus,MT,59019,STILLWATER,10/1/2002,13,1,0,0
Beartooth Billings Clinic,Red Lodge,MT,59068,CARBON,7/1/2002,22,1,0,0
Big Horn County Memorial Hospital,Hardin,MT,59034,Big Horn,6/1/2004,25,1,0,0
Northern Rockies Medical Center,Cut Bank,MT,59427,Glacier,5/7/2004,20,1,0,0
Glendive Medical Center,Glendive,MT,59330,DAWSON,1/1/2003,25,1,0,0
Marias Medical Center,Shelby,MT,59474,TOOLE,10/1/2002,20,1,0,0
Mineral Community Hospital,Superior,MT,59872,MINERAL,12/1/2002,25,1,0,0
NE MT Health Services Trinity Hospital,Wolf Point,MT,59201,Roosevelt,7/1/2005,22,1,0,0
Pondera Medical Center,Conrad,MT,59425,PONDERA,6/1/2002,25,1,0,0
Roundup Memorial Hospital,Roundup,MT,59072,Pondera,1/1/2008,11,1,0,0
Sheridan Memorial Hospital,Plentywood,MT,59254,SHERIDAN,1/1/2002,19,1,0,0
St. John's Lutheran Hospital,Libby,MT,59923,LINCOLN,10/1/2001,25,1,0,0
St. Luke Community Hospital,Ronan,MT,59864,LAKE,6/1/2002,25,1,0,0
Community Hospital of Anaconda,Anaconda,MT,59711,Deer Lodge,10/1/2003,25,1,0,0
North Valley Hospital,Whitefish,MT,59937,Flathead,11/1/2003,25,1,0,0
Crow Cheyenne Indian Hospital,Crow Agency,MT,59022,Big Horn,10/1/2004,24,1,0,0
Marcus Daly Memorial Hospital,Hamilton,MT,59840,Ravalli,1/1/2005,25,1,0,0
St. Joseph Medical Center,Polson,MT,59860,Lake,1/4/2005,22,1,0,0
Sidney Health Center,Sidney,MT,59270,Richland,9/1/2005,25,1,0,0
Central Montana Medical Center,Lewistown,MT,59457,Fergus,12/31/2007,25,1,0,0
Holy Rosary Healthcare,Miles City,MT,59301,Custer,7/13/2010,25,1,0,0
Big Sky Medical Center,Big Sky,MT,59716,Gallatin,5/17/2019,25,1,0,0
Swain County Hospital,Bryson City,NC,28713,SWAIN,10/11/1999,25,1,0,0
Montgomery Memorial Hospital,Troy,NC,27371,MONTGOMERY,4/1/1999,25,1,0,0
Vidant Bertie Hospital,Windsor,NC,27983,BERTIE,6/15/1999,6,0,0,0
Bladen County Hospital,Elizabethtown,NC,28337,Bladen,10/1/2003,25,1,0,0
St. Lukes Hospital,Columbus,NC,28722,Polk,9/1/2005,25,1,10,0
Chatham Hospital,Siler City,NC,27344,CHATHAM,5/1/2002,25,1,0,0
Pender Memorial Hospital,Burgaw,NC,28425,PENDER,4/1/2001,25,1,0,0
Washington County Hospital,Plymouth,NC,27962,WASHINGTON,10/1/2002,25,1,0,0
Alleghany Memorial Hospital,Sparta,NC,28675,Alleghany,2/1/2005,25,1,0,0
LifeBrite Community Hospital of Stokes,Danbury,NC,27016,Stokes,7/1/2004,25,1,6,0
J. Arthur Dosher Hospital,Southport,NC,28461,Brunswick,12/1/2009,25,1,0,0
Highlands-Cashiers Hospital,Highlands,NC,28741,Macon,3/1/2004,25,1,0,0
Vidant Chowan Hospital,Edenton,NC,27932,Chowan,5/27/2004,25,1,28,0
Transylvania Hospital,Brevard,NC,28712,TRANSYLVANIA,7/28/2004,25,1,0,0
Charles A. Cannon Jr. Memorial Hospital,Linville,NC,28604,Avery,12/31/2005,25,1,10,0
Outer Banks Hospital,Nags Head,NC,27959,Dare,12/31/2005,19,1,0,0
Ashe Memorial Hospital,Jefferson,NC,28640,Ashe,9/1/2007,25,1,0,0
Angel Medical Center,Franklin,NC,28734,Macon,2/27/2009,25,1,0,0
Erlanger Western Carolina Hospital,Murphy,NC,28906,Cherokee,11/7/2014,25,0,0,0
"Blue ridge Regional Hospital, Inc.           ",Spruce Pine,NC,28777,Mitchell,11/21/2014,25,0,0,0
CHI St. Alexius Health Garrison,Garrison,ND,58540,MCLEAN,12/1/1999,22,1,0,0
Mountrail County Medical Center,Stanley,ND,58784,MOUNTRAIL,8/1/1999,11,1,0,0
Tioga Medical Center,Tioga,ND,58852,WILLIAMS,7/1/1999,25,1,0,0
McKenzie County Memorial Hospital,Watford City,ND,58854,MCKENZIE,11/1/1999,24,1,0,0
CHI St. Alexius Health Turtle Lake,Turtle Lake,ND,58575,McLEAN,1/1/2000,25,1,0,0
St. Andrews Health Center,Bottineau,ND,58318,BOTTINEAU,7/1/2000,25,1,0,0
Cooperstown Medical Center,Cooperstown,ND,58425,GRIGGS,7/1/2000,18,1,0,0
Trinity Kenmare Community Hospital,Kenmare,ND,58746,WARD,7/1/2000,25,1,0,0
Nelson County Health System,McVille,ND,58254,NELSON,8/11/2000,19,1,0,0
Sanford Mayville Medical Center,Mayville,ND,58257,TRAIL,10/1/2000,25,1,0,0
Sakakawea Medical Center,Hazen,ND,58545,MERCER,1/1/2001,25,1,0,0
CHI Lisbon Health,Lisbon,ND,58054,RANSOM,1/1/2001,25,1,0,0
Northwood Deaconess Health Center,Northwood,ND,58267,GRAND FORKS,1/1/2001,12,1,0,0
Southwest Healthcare Services,Bowman,ND,58623,BOWMAN,1/1/2001,23,1,0,0
CHI Oakes Hospital,Oakes,ND,58474,Dickey,6/4/2001,20,1,0,0
Jacobson Memorial Hospital Care Center,Elgin,ND,58533,Grant,7/1/2001,21,1,0,0
Presentation Medical Center,Rolla,ND,58367,ROLETTE,7/1/2001,25,1,0,0
CHI St. Alexius Health Carrington,Carrington,ND,58421,FOSTER,7/1/2001,25,1,0,0
Pembina County Memorial Hospital and Wedgewood Manor,Cavalier,ND,58220,PEMBINA,10/1/2001,25,1,0,0
Unity Medical Center,Grafton,ND,58237,WALSH,11/1/2001,17,1,0,0
Wishek Community Hospital and Clinics,Wishek,ND,58495,MCINTOSH,11/1/2001,24,1,0,0
Ashley Medical Center,Ashley,ND,58413,MCINTOSH,11/1/2001,20,1,0,0
Cavalier County Memorial Hospital,Langdon,ND,58249,CAVALIER,12/3/2001,25,1,0,0
CHI Mercy Health Valley City,Valley City,ND,58072,BARNES,1/1/2002,25,1,0,0
St. Luke's Hospital,Crosby,ND,58730,DIVIDE,1/2/2002,25,1,0,0
First Care Health Center,Park River,ND,58270,WALSH,1/1/2002,14,1,0,0
St. Aloisius Medical Center,Harvey,ND,58341,WELLS,2/1/2002,25,1,0,0
Linton Hospital,Linton,ND,58552,Ransom,1/1/2004,14,1,0,0
Sanford Hillsboro Medical Center,Hillsboro,ND,58045,Traill,7/1/2004,20,1,0,0
West River Regional Medical Center,Hettinger,ND,58639,Adams,4/1/2005,25,1,0,0
Towner County Medical Center,Cando,ND,58324,Towner,7/1/2007,20,1,0,0
Heart of America Medical Center,Rugby,ND,58368,Pierce,9/1/2007,25,1,0,0
CHI St. Alexius Health Devils Lake,Devils Lake,ND,58301,Ramsey,3/1/2008,25,0,0,0
CHI St. Alexius Health Williston,Williston,ND,58801,Williams,9/20/2008,25,1,10,0
Jamestown Regional Medical Center,Jamestown,ND,58401,Stutsman,3/1/2009,25,1,0,0
CHI St. Alexius Health Dickinson,Dickinson,ND,58601,Stark,7/1/2009,25,1,9,0
Harlan County Health System,Alma,NE,68920,HARLAN,3/1/1999,25,1,0,0
Fillmore County Hospital,Geneva,NE,68361,FILLMORE,10/1/1999,25,1,10,0
Niobrara Valley Hospital,Lynch,NE,68746,BOYD,11/1/1999,20,1,0,0
Pawnee County Memorial Hospital,Pawnee City,NE,68420,PAWNEE,11/1/1999,17,1,0,0
Thayer County Health Services,Hebron,NE,68370,THAYER,11/10/1999,19,1,0,0
Henderson Community Hospital,Henderson,NE,68371,YORK,12/1/1999,13,1,0,0
Kimball Health Services,Kimball,NE,69145,KIMBALL,12/1/1999,20,1,0,0
Kearney County Health Services,Minden,NE,68959,KEARNEY,12/1/1999,25,1,0,0
Saunders Medical Center,Wahoo,NE,68066,SAUNDERS,12/1/1999,16,1,0,0
Regional West Garden County Health,Oshkosh,NE,69154,GARDEN,1/1/2000,20,1,0,0
Franklin County Memorial Hospital,Franklin,NE,68939,FRANKLIN,1/1/2000,15,1,0,0
Genoa Community Hospital,Genoa,NE,68640,NANCE,1/1/2000,20,1,0,0
Syracuse Area Health,Syracuse,NE,68446,OTOE,1/1/2000,10,1,0,0
Gothenberg Memorial Hospital,Gothenburg,NE,69138,DAWSON,2/1/2000,12,1,0,0
Annie Jeffrey Memorial Hospital,Osceola,NE,68651,POLK,3/1/2000,21,1,0,0
Brodstone Memorial Nuckolls County Hospital,Superior,NE,68978,NUCKOLLS,1/1/2000,25,1,0,0
Webster County Community Hospital,Red Cloud,NE,68970,WEBSTER,2/1/2000,16,1,0,0
Morrill County Community Hospital,Bridgeport,NE,69336,MORRILL,3/1/2000,20,1,0,0
Jefferson Community Health Center,Fairbury,NE,68352,JEFFERSON,4/1/2000,25,1,0,0
Memorial Hospital,Aurora,NE,68818,HAMILTON,4/1/2000,25,1,0,0
Oakland Mercy Memorial Hospital,Oakland,NE,68045,BURT,4/1/2000,23,1,0,0
St. Francis Memorial Hospital,West Point,NE,68788,CUMING,4/1/2000,25,1,0,0
CHI Health-Memorial Hospital,Schuyler,NE,68661,COLFAX,4/1/2000,25,1,0,0
Nemaha County Hospital,Auburn,NE,68305,NEHEMA,5/1/2000,20,1,0,0
Brown County Hospital,Ainsworth,NE,69210,BROWN,5/1/2000,25,1,0,0
Antelope Memorial Hospital,Neligh,NE,68756,ANTELOPE,5/1/2000,25,1,0,0
Cozad Community Hospital,Cozad,NE,69130,DAWSON,5/1/2000,21,1,0,0
Litzenberg Memorial Hospital,Central City,NE,68826,LITZENBERG,6/1/2000,20,1,0,0
Avera St.Anthony's Hospital,O' Neill,NE,68763,HOLT,7/1/2000,25,1,0,0
Warren Memorial Hospital,Friend,NE,68359,SALINE,7/1/2000,14,1,0,0
Creighton Area Health Services,Creighton,NE,68729,KNOX,7/1/2000,23,1,0,0
Rock County Hospital,Bassett,NE,68714,ROCK,7/1/2000,17,1,0,0
Boone County Health Center,Albion,NE,68620,BOONE,8/1/2000,25,1,0,0
Callaway District Hospital,Callaway,NE,68825,CUSTER,8/1/2000,12,1,0,0
York General Hospital,York,NE,68467,YORK,8/1/2000,25,1,0,0
Butler County Health Care Center,David City,NE,68632,BUTLER,7/1/2000,25,1,0,0
Howard County Community Hospital,Saint Paul,NE,68873,HOWARD,10/1/2000,25,1,0,0
Memorial Health Care Systems,Seward,NE,68434,HAMILTON,10/1/2000,25,1,0,0
St.Mary's Hospital,Nebraska City,NE,68410,OTOE,12/1/2000,18,1,0,0
Dundy County Hospital,Benkelman,NE,69021,DUNDY,12/1/2000,14,1,0,0
Cherry County Hospital,Valentine,NE,69201,CHERRY,4/1/2001,25,1,0,0
Chadron Community Hospital and Health Services,Chadron,NE,69337,DAWES,12/1/2000,25,1,0,0
West Holt Memorial Hospital,Atkinson,NE,68713,HOLT,12/1/2000,18,1,0,0
Tri Valley Health Systems,Cambridge,NE,69022,FURNAS,6/1/2001,25,1,0,0
Box Butte General Hospital,Alliance,NE,69301,Box Butte,1/1/2004,25,1,0,0
Gordon Memorial Health Services,Gordon,NE,69343,SHERIDAN,1/1/2003,25,1,0,0
Sidney Regional Health Center,Sidney,NE,69162,CHEYENNE,11/1/2002,25,1,0,0
Jennie M. Melham Memorial Medical Center Inc.,Broken Bow,NE,68822,Custer,12/30/2005,25,1,0,0
Crete Area Medical Center,Crete,NE,68333,SALINE,2/1/2002,25,1,0,0
Community Medical Center,Falls City,NE,68355,RICHARDSON,10/10/2001,25,1,0,0
Perkins County Health Services,Grant,NE,69140,PERKINS,9/1/2002,20,1,0,0
Phelps Memorial Health Center,Holdrege,NE,68949,Phelps,12/1/2005,25,1,0,0
Lexington Regional Health Center,Lexington,NE,68850,Dawson,12/1/2005,25,1,0,0
Community Hospital,McCook,NE,69001,Red Willow,12/1/2005,25,1,0,0
Ogallala Community Hosptial,Ogallala,NE,69153,KEITH,8/1/2002,18,1,0,0
Valley County Health System,Ord,NE,68862,VALLEY,12/1/2001,25,1,0,0
Osmond General Hospital,Osmond,NE,68765,PIERCE,5/1/2001,25,1,0,0
Pender Community Hospital,Pender,NE,68047,THURSTON,7/1/2001,25,1,0,0
CHI Health-Plainview Hospital,Plainview,NE,68769,PIERCE,5/1/2001,19,1,0,0
Johnson County Hospital,Tecumseh,NE,68450,Johnson,7/1/2001,18,1,0,0
Chase County Community Hospital,Imperial,NE,69033,CHASE,7/1/2001,25,1,0,0
Providence Medical Center,Wayne,NE,68787,WAYNE,5/1/2001,25,1,0,0
Memorial Community Hospital,Blair,NE,68008,Washington,10/1/2003,25,1,0,0
Beatrice Community Hospital and Health Center,Beatrice,NE,68310,Gage,12/1/2005,25,1,0,0
Upper Connecticut Valley Hospital,Colebrook,NH,03576,COOS,4/1/2001,16,1,0,0
Weeks Medical Center,Lancaster,NH,03584,COOS,8/1/2001,25,1,0,0
Cottage Hospital,Woodsville,NH,03785,GRAFTON,6/1/2001,25,1,10,0
New London Hospital,New London,NH,03257,Merrimack,4/1/2003,25,1,0,0
Littleton Regional Hospital,Littleton,NH,03561,GRAFTON,9/1/2001,25,1,0,0
Monadnock Community Hospital,Peterborough,NH,03458,Hillsborough,12/27/2004,25,0,10,0
Alice Peck Day Memorial Hospital,Lebanon,NH,03766,Grafton,8/1/2003,25,0,0,0
Franklin Regional Hospital,Franklin,NH,03235,Merrimack,7/1/2004,25,1,10,0
Speare Memorial Hospital,Plymouth,NH,03264,Grafton,5/5/2005,25,1,0,0
Huggins Hospital,Wolfeboro,NH,03894,Carroll,4/1/2005,25,0,0,0
Valley Regional Hospital,Claremont,NH,03743,Sullivan,10/1/2004,25,1,0,0
Memorial Hospital,North Conway,NH,03860,Carroll,10/18/2004,25,1,0,0
Androscoggin Valley Hospital,Berlin,NH,03570,Coos,12/31/2004,25,1,0,0
Sierra Vista Hospital,Truth or Consequences,NM,87901,SIERRA,3/21/2000,25,1,0,0
Socorro General Hospital,Socorro,NM,87801,SOCORRO,2/24/2000,25,1,0,0
Dr. Dan Trigg Memorial Hospital,Tucumcari,NM,88401,QUAY,3/15/2000,25,1,0,0
Union County General Hospital,Clayton,NM,88415,UNION,3/19/2001,25,0,0,0
Mimbres General Hospital,Deming,NM,88030,Luna,7/15/2012,25,0,0,0
Lincoln County Medical Center,Ruidoso,NM,88345,Lincoln,12/20/2004,25,0,0,0
Nor-Lea General Hospital,Lovington,NM,88260,LEA,8/1/2002,25,1,0,0
Miner's Colfax Medical Center,Raton,NM,87740,Colfax,10/20/2010,25,1,0,0
Cibola General Hospital,Grants,NM,87021,Cibola,9/1/2008,25,0,0,0
Holy Cross Hospital,Taos,NM,87571,Taos,7/20/2017,25,0,0,0
Mt.Grant General Hospital,Hawthorne,NV,89415,MINERAL,9/1/2000,11,1,0,0
Incline Village Community Hospital,Incline Village,NV,89451,Washoe,12/1/2000,4,1,0,0
William Bee Ririe Hospital,Ely,NV,89301,WHITE PINES,2/1/2001,25,1,0,0
Battle Mountain General Hospital,Battle Mountain,NV,89820,LANDER,2/1/2001,5,1,0,0
Pershing General Hospital,Lovelock,NV,89419,PERSHING,4/1/2001,13,1,0,0
Grover C. Dils Medical Center,Caliente,NV,89008,Lincoln,2/18/2010,4,1,0,0
Humboldt General Hospital,Winnemucca,NV,89445,Humboldt,4/1/2005,25,0,0,0
Carson Valley Medical Center,Gardnerville,NV,89410,Douglas,4/1/2004,23,0,0,0
Mesa View Regional Hospital,Mesquite,NV,89027,Clark,11/1/2004,25,0,0,0
Boulder City Hospital Inc,Boulder City,NV,89005,Clark,9/1/2005,25,1,10,0
Desert View Hospital,Pahrump,NV,89048,Nye,12/1/2006,24,1,0,0
Banner Churchill Community Hospital,Fallon,NV,89406,Churchill,10/12/2015,25,0,0,0
South Lyon Medical Center,Yerington,NV,89447,Lyon,5/19/2016,14,1,0,0
Cuba Memorial Hospital,Cuba,NY,14727,ALLEGANY,2/1/1999,6,1,0,0
Elizabethtown Community Hospital,Elizabethtown,NY,12932,ESSEX,3/1/2000,15,0,0,0
Catskill Regional Medical Center,Callicoon,NY,12723,SULLIVAN,10/1/2000,15,1,0,0
Margaretville Hospital,Margaretville,NY,12455,DELAWARE,5/30/2000,15,0,0,0
Clifton Fine Hospital,Star Lake,NY,13690,ST. LAWRENCE,9/29/2000,20,1,0,0
O' Connor Hospital,Delhi,NY,13753,DELAWARE,7/12/2000,15,1,0,0
"Carthage Area Hospital, Inc.",Carthage,NY,13619,JEFFERSON,7/2/2014,25,1,0,0
Soldiers and Sailors Memorial Hospital,Penn Yan,NY,14527,YATES,10/13/2005,25,1,10,0
Delaware Valley Hospital,Walton,NY,13856,DELAWARE,2/17/2005,25,1,0,0
Ellenville Community Hospital,Ellenville,NY,12428,ULSTER,7/16/2004,25,0,0,0
River Hospital,Alexandria Bay,NY,13607,JEFFERSON,7/25/2003,15,1,0,0
Lewis County General Hospital,Lowville,NY,13367,LEWIS,3/5/2014,25,1,0,0
Little Falls Hospital,Little Falls,NY,13365,Herkimer,10/1/2004,25,1,0,0
Schuyler Hospital Inc.,Montour Falls,NY,14865,Schuyler,8/24/2005,25,1,0,0
Edward John Noble Hospital of Gouverneur,Gouverneur,NY,13642,St Lawrence,6/6/2013,25,1,0,0
Community Memorial Hospital               ,Hamilton,NY,13346,Madison ,6/10/2014,25,0,0,0
Medina Memorial Hospital             ,Medina,NY,14103,Orleans ,1/26/2015,25,0,0,9
Cobleskill Regional Hospital,Cobleskill,NY,12043,Schoharie,10/15/2018,25,0,0,0
Trinity Twin City Hospital,Dennison,OH,44621,TUSCARAWAS,1/1/2001,25,1,0,0
Adena Greenfield Area Medical Center,Greenfield,OH,45123,HIGHLAND,6/1/2001,25,1,0,0
Aultman Orrville Hospital,Orrville,OH,44667,Wayne,6/1/2004,25,1,0,0
Mercy Willard Hospital,Willard,OH,44890,HURON,4/25/2002,25,1,0,0
Harrison Community Hospital,Cadiz,OH,43907,HARRISON,4/1/2002,25,1,0,0
Paulding County Hospital,Paulding,OH,45879,PAULDING,1/1/2001,25,1,0,0
Adams County Regional Medical Center,Seaman,OH,45679,Adams,10/1/2004,25,1,0,0
Community Memorial Hospital,Hicksville,OH,43526,DEFIANCE,1/1/2001,25,1,0,0
Lodi Community Hospital,Lodi,OH,44254,MEDINA,3/1/2001,23,1,0,0
Mercy Allen Medical Center,Oberlin,OH,44074,LORAIN,9/1/2001,25,1,0,0
UHHS Geneva Medical Center,Geneva,OH,44041,ASHTABULA,1/1/2002,25,1,0,0
UHHS Conneaut Medical Center,Conneaut,OH,44030,ASHTABULA,1/1/2002,25,1,0,0
Henry County Hospital,Napoleon,OH,43545,HENRY,4/1/2002,25,0,0,0
Mercy Memorial Hospital,Urbana,OH,43078,CHAMPAIGN,5/9/2002,25,1,10,0
Morrow County Hospital,Mount Gilead,OH,43338,MORROW,10/1/2002,15,0,0,0
HB Magruder Memorial Hospital,Port Clinton,OH,43452,OTTAWA,12/1/2002,25,1,0,0
Hardin Memorial Hospital,Kenton,OH,43326,HARDIN,12/1/2002,25,1,0,0
Bucyrus Community Hospital,Bucyrus,OH,44820,CRAWFORD,1/1/2003,25,1,0,0
ProMedica Fostoria Medical Center,Fostoria,OH,44830,HANCOCK,4/1/2003,25,1,0,0
Selby General Hospital,Marietta,OH,45750,WASHINGTON,7/1/2003,25,1,0,10
Barnesville Hospital Association,Barnesville,OH,43713,Belmont,7/1/2004,25,1,0,0
Holzer Medical Center,Jackson,OH,45640,Jackson,7/1/2004,25,0,0,0
Blanchard Valley Regional Health Center,Bluffton,OH,45817,Hancock,5/1/2004,25,0,0,0
Galion Community Hospital,Galion,OH,44833,Crawford,10/1/2004,25,1,0,10
MedCentral Shelby Hospital,Shelby,OH,44875,Richland,8/2/2004,25,1,10,0
Community Hospital and Wellness Centers,Montpelier,OH,43543,Williams,10/1/2004,25,1,0,10
ProMedica Defiance Regional Medical Center,Defiance,OH,43512,Defiance,2/1/2005,25,0,10,0
Wyandot Memorial Hospital,Upper Sandusky,OH,43351,Wynadot,3/1/2005,25,1,0,0
Hocking Valley Community Hospital,Logan,OH,43138,Hocking,4/1/2005,25,1,10,0
Fayette County Memorial Hospital,Washington,OH,43160,Lucas,12/1/2005,25,0,0,0
Highland District Hospital,Hillsboro,OH,45133,Highland,12/1/2005,25,0,10,0
Fulton County Health Center,Wauseon,OH,43567,Fulton,12/31/2005,25,0,10,0
Adena Pike Community Hospital,Waverly,OH,45690,Pike,12/31/2005,25,1,0,0
Atoka County Medical Center,Atoka,OK,74525,ATOKA,1/1/1999,25,1,0,0
Roger Mills Memorial Hospital,Cheyenne,OK,73628,ROGER MILLS,4/1/1999,15,1,0,0
Mercy Health Love County,Marietta,OK,73448,LOVE,7/1/1999,25,1,0,0
Jane Phillips Nowata Health Center,Nowata,OK,74048,NOWATA,7/1/1999,25,1,0,0
Prague Municipal Hospital,Prague,OK,74864,LINCOLN,3/1/1999,25,1,0,0
Johnston Memorial Hospital,Tishomingo,OK,73460,JOHNSTON,7/7/1999,25,1,0,0
Watonga Municipal Hospital,Watonga,OK,73772,BLAINE,3/1/1999,25,1,0,0
Cimmaron Medical Center,Boise City,OK,73933,CIMMARON,1/1/2000,20,1,0,0
Pawhuska Hospital Inc.,Pawhuska,OK,74056,OSAGE,3/3/2000,25,1,0,0
Jefferson County Hospital,Waurika,OK,73573,JEFFERSON,7/1/2000,25,1,0,0
Physicians Hospital in Anadarko,Anadarko,OK,73005,CADDO,9/1/2000,25,1,0,0
Mercy Hospital Healdton,Healdton,OK,73438,CARLTON,7/1/2000,22,1,0,0
Mercy Hospital Kingfisher,Kingfisher,OK,73750,KINGFISHER,9/1/2000,25,1,0,0
St. Johns Sapulpa,Sapulpa,OK,74066,CREEK,8/10/2000,25,1,0,0
Stroud Regional Medical Center,Stroud,OK,74079,LINCOLN,4/1/2001,25,1,0,0
Logan Hospital and Medical Center,Guthrie,OK,73044,LOGAN,4/1/2002,25,1,0,0
Fairfax Community Hospital,Fairfax,OK,74637,OSAGE,7/1/2002,15,1,0,0
Mary Hurley Hospital,Coalgate,OK,74538,COAL,7/1/2002,20,1,0,0
Cleveland Area Hospital Inc.,Cleveland,OK,74020,PAWNEE,7/1/2002,14,1,0,0
Holdenville General Hospital,Holdenville,OK,74848,Hughes,8/1/2003,25,1,0,0
Beaver County Memorial Hospital,Beaver,OK,73932,Beaver,8/1/2003,24,1,0,0
Weatherford Regional Hospital,Weatherford,OK,73096,Custer,10/1/2003,25,1,0,0
Harper County Memorial Hospital,Buffalo,OK,73834,Harper,10/1/2003,25,1,0,0
Cordell Memorial Hospital,Cordell,OK,73632,Washita,12/1/2003,25,1,0,0
Integris Marshall Memorial Hospital,Madill,OK,73446,Marshall,3/1/2004,25,1,0,0
Okeene Municipal Hospital,Okeene,OK,73763,Blaine,9/1/2004,25,1,0,0
Arbuckle Memorial Hospital,Sulphur,OK,73086,Murray,11/4/2004,25,1,0,0
Fairview Hospital,Fairview,OK,73737,Major,1/1/2005,25,1,0,0
Mangum City Hospital,Mangum,OK,73554,Greer,4/1/2005,24,1,0,0
Drumright Regional Hospital,Drumright,OK,74030,Creek,4/5/2005,15,1,0,0
Creek Nation Community Hospital,Okemah,OK,74859,Okfuskee,11/1/2005,25,1,0,0
Seiling Municipal Hospital,Seiling,OK,73663,Dewey,9/1/2005,18,1,0,0
Carnegie Tri-County Municipal Hospital,Carnegie,OK,73015,Caddo,1/4/2006,22,1,0,0
Haskell County Healthcare System,Stigler,OK,74462,Haskell,7/1/2010,25,1,0,0
Newman Memorial Hospital,Shattuck,OK,73858,Ellis,1/26/2016,25,1,0,0
Eastern Oklahoma Medical Center,Poteau,OK,74953,Le Flore,9/20/2016,25,0,10,0
Harmon Memorial Hospital,Hollis,OK,73550,Harmon,11/18/2016,25,1,0,0
Memorial Hospital of Texas County,Guymon,OK,73942,Texas,6/14/2017,25,0,0,0
Share Medical Center,Alva,OK,73717,Woods,7/13/2018,25,0,0,0
McCurtain Memorial Hospital,Idabel,OK,74745,McCurtain,6/29/2018,25,1,0,0
PeaceHealth Cottage Grove Community Medical Center,Cottage Grove,OR,97424,LANE,7/3/2000,11,0,0,0
Providence Seaside Hospital,Seaside,OR,97138,CLATSOP,9/1/2000,25,1,0,0
Samaritan North Lincoln Hospital,Lincoln City,OR,97367,LINCOLN,9/1/2000,25,1,0,0
Blue Mountain Hospital,John Day,OR,97845,GRANT,7/30/2001,16,1,0,0
Curry General Hospital,Gold Beach,OR,97444,Curry,8/18/2004,24,0,0,0
Pioneer Memorial Hospital & Nursing Facility,Heppner,OR,97836,MORROW,4/1/2002,12,1,0,0
Wallowa Memorial Hospital,Enterprise,OR,97828,WALLOWA,9/17/2001,25,1,0,0
Lower Umpqua Hospital,Reedsport,OR,97467,DOUGLAS,7/24/2002,24,1,0,0
Southern Coos Hospital and Health Center,Bandon,OR,97411,COOS,11/6/2000,19,1,0,0
Coquille Valley Hospital,Coquille,OR,97423,COOS,3/1/2003,25,1,0,0
Columbia Memorial Hospital,Astoria,OR,97103,Clatsop,7/1/2004,25,1,0,0
Good Shepherd Medical Center,Hermiston,OR,97838,Umatilla,12/29/2005,25,1,0,0
Grande Ronde Hospital,La Grande,OR,97850,Union,8/1/2004,25,1,0,0
Harney District Hospital,Burns,OR,97720,HARNEY,10/10/2001,25,1,0,0
Providence Hood River Memorial Hospital,Hood River,OR,97031,Hood River,4/30/2004,25,1,0,0
Lake District Hospital,Lakeview,OR,97630,LAKE,12/5/2001,21,1,0,0
St. Charles-Madras,Madras,OR,97741,Jefferson,9/18/2005,25,1,0,0
Samaritan Pacific Communities Hospital,Newport,OR,97365,LINCOLN,7/1/2003,25,1,0,0
PeaceHealth Peace Harbor Medical Center,Florence,OR,97439,Lane,7/1/2003,21,1,0,0
CHI St Anthony Hospital,Pendleton,OR,97801,Umatilla,5/18/2004,25,1,0,0
Saint Alphonsus Medical Center - Baker City,Baker City,OR,97814,Baker,7/1/2003,25,1,0,0
Tillamook Regional Medical Center,Tillamook,OR,97141,Tillamook,1/29/2004,25,1,0,0
West Valley Hospital,Dallas,OR,97338,POLK,12/27/2001,15,0,0,0
St. Charles- Prineville,Prineville,OR,97754,CROOK,2/20/2003,25,1,0,0
Samaritan Lebanon Community Hospital,Lebanon,OR,97355,Linn,6/1/2005,25,1,0,0
The Bucktail Medical Center,Renovo,PA,17764,CLINTON,9/1/2001,21,1,0,0
Endless Mountains Health System,Montrose,PA,18801,Susquehanna,2/1/2004,25,1,0,0
Fulton County Medical Center,McConnellsburg,PA,17233,FULTON,8/1/2001,25,1,0,0
Geisinger Jersey Shore Hospital,Jersey Shore,PA,17740,LYCOMING,7/1/2001,25,1,0,0
Conemaugh Meyersdale Medical Center,Meyersdale,PA,15552,SOMERSET,7/1/2001,20,1,0,0
Guthrie Troy Community Hospital,Troy,PA,16947,BRADFORD,7/1/2002,25,1,0,0
UPMC Susquehanna Muncy,Muncy,PA,17756,Lycoming,7/1/2001,25,1,0,0
Tyrone Regional Health Network,Tyrone,PA,16686,Blair,8/1/2004,25,1,0,0
LECOM Health Corry Memorial Hospital,Corry,PA,16407,Erie,1/1/2005,25,1,10,0
Barnes-Kassen County Hospital,Susquehanna,PA,18847,Susquehanna,8/1/2005,25,1,0,0
Penn Highlands Brookville,Brookville,PA,15825,Jefferson,1/1/2006,25,1,10,0
UPMC Cole,Coudersport,PA,16915,Potter,8/1/2007,25,1,0,0
Titusville Area Hospital ,Titusville,PA,16354,Crawford ,12/11/2014,25,1,0,0
Penn Highlands Elk,Saint Marys,PA,15857,Elk,11/1/2015,25,1,10,0
UPMC Susquehanna Soldiers and Sailors,Wellsboro,PA,16901,Tioga ,11/10/2016,25,1,0,0
Abbeville Area Medical Center,Abbeville,SC,29620,Abbeville,10/1/2004,25,1,0,0
Allendale County Hospital,Fairfax,SC,29827,ALLENDALE,10/1/2001,25,1,0,0
Williamsburg Regional Hospital,Kingstree,SC,29556,Williamsburg,1/12/2010,25,0,0,0
Edgefield County Hospital,Edgefield,SC,29824,Edgefield,11/1/2004,25,1,0,0
Douglas County Memorial Hospital,Armour,SD,57313,DOUGLAS,8/23/1995,11,1,0,0
Community Memorial Hospital,Burke,SD,57523,GREGORY,1/23/1997,16,1,0,0
Sanford Clear Lake Medical Center,Clear Lake,SD,57226,DEUEL,10/1/1996,10,1,0,0
Eureka Community Health Services,Eureka,SD,57437,MC PHERSON,8/8/1996,4,1,0,0
Faulkton Area Medical Center,Faulkton,SD,57438,FAULK,10/1/1999,12,1,0,0
Avera Flandreau Hospital,Flandreau,SD,57028,MOODY,1/1/1999,18,1,0,0
Avera Gettysburg Hospital,Gettysburg,SD,57442,POTTER,10/1/1999,10,1,0,0
Platte Health Center-Avera,Platte,SD,57369,CHARLES MIX,4/22/1996,17,1,0,0
Sanford Webster Medical Center,Webster,SD,57274,DAY,5/1/1999,25,1,0,0
Marshall County Healthcare Center,Britton,SD,57430,MARSHALL,3/1/2000,20,1,0,0
Freeman Regional Health Services,Freeman,SD,57029,HUTCHINSON,6/1/2000,25,1,0,0
Redfield Community Memorial Hospital,Redfield,SD,57469,SPINK,7/1/2000,25,1,0,0
Wagner Community Memorial Hospital,Wagner,SD,57380,CHARLES MIX,7/1/2000,20,1,0,0
Bennett County Hospital,Martin,SD,57551,BENNETT,7/1/2000,14,1,0,0
Landmann-Jungman Memorial Hospital,Scotland,SD,57059,BON HOMME,10/1/2000,25,1,0,0
Bowdle Hospital,Bowdle,SD,57428,EDMUNDS,1/1/2001,12,1,0,0
Sanford Chamberlain Medical Center,Chamberlain,SD,57325,BRULE,5/1/2003,25,1,0,0
Custer Regional Hospital,Custer,SD,57730,CUSTER,7/1/2001,11,1,0,0
Lead Deadwood Regional Hospital,Deadwood,SD,57732,LAWRENCE,5/1/2001,18,1,0,0
Avera DeSmet Memorial Hospital,Desmet,SD,57231,KINGSBURY,7/1/2003,6,1,0,0
Milbank Area Hospital Avera,Milbank,SD,57252,GRANT,1/1/2002,25,1,0,0
Avera Hand County Memorial Hospital,Miller,SD,57362,Hand,7/1/2005,11,1,0,0
Mobridge Regional Hospital,Mobridge,SD,57601,WALWORTH,1/1/2002,25,1,0,0
Avera St. Benedict Health Center,Parkston,SD,57366,HUTCHINSON,7/1/2003,25,1,0,0
Hans P. Peterson Memorial Hospital,Philip,SD,57567,HAAKON,2/1/2001,18,1,0,0
Coteau Des Prairies Hospital,Sisseton,SD,57262,Roberts,1/1/2009,25,1,0,0
Sturgis Regional Hospital,Sturgis,SD,57785,MEADE,5/1/2001,25,1,0,0
St. Michael's Hospital-Avera,Tyndall,SD,57066,BON HOMME,3/1/2002,25,1,0,0
Pioneer Memorial Hospital,Viborg,SD,57070,TURNER,3/1/2002,12,1,0,0
Avera Weskota Memorial Hospital,Wessington Springs,SD,57382,JERAULD,10/1/2001,16,1,0,0
Winner Regional Healthcare Center,Winner,SD,57580,Tripp,4/1/2004,25,1,0,0
Fall River Health Services,Hot Springs,SD,57747,Fall River,6/27/2001,25,1,0,0
Madison Regional Health Services,Madison,SD,57042,LAKE,12/1/2002,22,1,0,0
Avera Dells Area Hospital,Dell Rapids,SD,57022,Minnehaha,7/1/2003,23,1,0,0
Sanford Canton-Inwood Medical Center,Canton,SD,57013,Lincoln,12/1/2003,11,1,0,0
Huron Regional Medical Center,Huron,SD,57350,Beadle,7/1/2004,25,1,0,0
Sanford Vermillion Medical Center,Vermillion,SD,57069,Clay,11/1/2004,25,1,0,0
Avera Gregory Hospital,Gregory,SD,57533,Gregory,12/22/2005,25,1,0,0
Saint Thomas Hickman Hospital,Centerville,TN,37033,HICKMAN,1/11/2000,25,1,0,0
Trousdale Medical Center,Hartsville,TN,37074,TROUSDALE,3/14/2000,25,1,0,0
Lauderdale Community Hospital,Ripley,TN,38063,Lauderdale,10/1/2005,25,1,10,0
Three Rivers Hospital,Waverly,TN,37185,HUMPHREYS,11/1/2000,25,1,0,0
Erlanger Bledsoe Hospital,Pikeville,TN,37367,BLEDSOE,11/29/2001,25,1,0,0
Camden General Hospital,Camden,TN,38320,Benton,12/30/2005,25,1,0,0
Macon Community Hospital,Lafayette,TN,37083,Macon,7/1/2001,25,1,0,0
Johnson County Community Hospital,Mountain City,TN,37683,Johnson,9/13/2001,2,0,0,0
Riverview Regional Medical Center,Carthage,TN,37030,SMITH,7/1/2003,25,1,10,0
Marshall Medical Center,Lewisburg,TN,37091,Marshall,1/1/2005,25,1,0,0
Rhea Medical Center,Dayton,TN,37321,Rhea,1/10/2005,25,1,0,0
Tristar Ashland City Medical Center,Ashland City,TN,37015,Cheatham,2/17/2005,12,1,0,0
Hancock County Hospital,Sneedville,TN,37869,Hancock,6/6/2005,10,1,0,0
Houston County Community Hospital,Erin,TN,37061,Houston,4/20/2018,25,0,0,0
Bolivar General Hospital,Bolivar,TN,38008,Hardeman,6/1/2018,25,0,0,0
Parmer County Community Hospital,Friona,TX,79035,PARMER,12/1/1999,25,1,0,0
Reagan Memorial Hospital,Big Lake,TX,76932,REAGAN,1/1/2000,14,1,0,0
Burleson St. Joseph Health Center,Caldwell,TX,77836,BURLESON,2/29/2000,25,1,0,0
Kimble Hospital,Junction,TX,76849,KIMBLE,5/1/2000,15,1,0,0
Limestone Medical Center,Groesbeck,TX,76642,LIMESTONE,1/11/2000,20,1,0,0
Schleicher County Medical Center,Eldorado,TX,76936,SCHLEICHER,3/2/2000,14,1,0,0
Iraan General Hospital District,Iraan,TX,79744,PECOS,5/15/2000,13,1,0,0
Fisher County Hospital District,Rotan,TX,79546,FISHER,11/1/2000,14,1,0,0
Yoakum County Hospital,Denver City,TX,79323,YOAKUM,8/1/2000,24,1,0,0
Rice Medical Center,Eagle Lake,TX,77434,COLORADO,11/1/2000,25,1,0,0
Sweeny Community Hospital,Sweeny,TX,77480,BRAZORIA,9/21/2000,20,1,0,0
Ballinger Memorial Hospital,Ballinger,TX,76821,RUNNELS,8/1/2000,25,1,0,0
McCamey Hospital,McCamey,TX,79752,UPTON,7/27/2000,14,1,0,0
Winkler County Memorial Hospital,Kermit,TX,79745,WINKLER,10/26/2000,25,1,0,0
Madison St. Joseph Health Center,Madisonville,TX,77864,MADISON,1/10/2001,25,1,0,0
North Runnels Hospital,Winters,TX,79567,RUNNELS,12/15/2000,25,1,0,0
Refugio Memorial Hospital,Refugio,TX,78377,REFUGIO,2/1/2002,20,0,0,0
Grimes St.Joseph Health Center,Navasota,TX,77868,GRIMES,5/4/2001,25,1,0,0
Bayside Community Hospital,Anahuac,TX,77514,CHAMBERS,3/1/2001,14,0,0,0
Stonewall Memorial Hospital,Aspermont,TX,79502,STONEWALL,3/1/2001,20,1,0,0
Rollins Brook Community Hospital,Lampasas,TX,76550,LAMPASAS,6/4/2001,25,1,0,0
Mother Frances Hospital-Jacksonville,Jacksonville,TX,75766,CHEROKEE,2/22/2001,10,0,0,0
Lillian Hudspeth Memorial Hospital,Sonora,TX,76950,SUTTON,8/1/2001,12,0,0,0
Palacios Community Medical Center,Palacios,TX,77465,MATAGORDA,5/1/2002,17,1,0,0
Concho County Hospital,Eden,TX,76837,CONCHO,9/1/2001,16,0,0,0
Winnie Community Hospital,Winnie,TX,77665,JEFFERSON,2/11/2002,25,1,0,0
Medina Regional Hospital,Hondo,TX,78861,MEDINA,4/1/2002,25,1,0,0
Coon Memorial Hospital,Dalhart,TX,79022,DALLAM,4/1/2002,21,1,0,0
Martin County Hospital District,Stanton,TX,79782,MARTIN,8/1/2002,25,1,0,0
Rankin County Hospital District,Rankin,TX,79778,UPTON,3/1/2002,15,0,0,0
Parkview Hospital,Wheeler,TX,79096,WHEELER,10/1/2002,16,1,0,0
W.J. Mangold Memorial Hospital,Lockney,TX,79241,Floyd,4/10/2003,25,1,0,0
Muenster Memorial Hospital,Muenster,TX,76252,COOKE,12/1/2002,18,1,0,0
Culberson Hospital,Van Horn,TX,79855,CULBERSON,6/1/2003,14,1,0,0
Throckmorton County Memorial Hospital,Throckmorton,TX,76483,THROCKMORTON,5/1/2003,14,1,0,0
Shamrock General Hospital,Shamrock,TX,79079,WHEELER,4/16/2003,25,1,0,0
Haskell Memorial Hospital,Haskell,TX,79521,HASKELL,6/1/2003,25,1,0,0
Mitchell County Hospital,Colorado City,TX,79512,Mitchell,10/1/2003,25,1,0,0
Hansford County Hospital,Spearman,TX,79081,Hansford,10/1/2003,25,1,0,0
Electra Memorial Hospital,Electra,TX,76360,Wichita,11/1/2003,25,1,0,0
Crosbyton Clinic Hospital,Crosbyton,TX,79322,Crosby,11/1/2003,25,1,0,0
Yoakum Community Hospital,Yoakum,TX,77995,Lavaca,1/1/2004,25,1,0,0
Coleman County Medical Center,Coleman,TX,76834,Coleman,12/11/2003,25,1,0,0
Plains Memorial Hospital,Dimmit,TX,79027,Castro,4/1/2004,25,1,0,0
Liberty-Dayton Community Hospital,Liberty,TX,77575,Liberty,12/30/2005,25,1,0,0
Crane Memorial Hospital,Crane,TX,79731,Crane,3/1/2004,25,0,0,0
Swisher Memorial Hospital,Tulia,TX,79088,Swisher,2/1/2004,20,1,0,0
McCulloch County Hospital,Brady,TX,76825,McCulloch,4/1/2004,25,1,0,0
Hardeman County Memorial Hospital,Quanah,TX,79252,Hardeman,2/24/2004,24,1,0,0
Lynn County Hospital District,Tahoka,TX,79373,Lynn,3/1/2004,24,1,0,0
Hamilton Hospital,Olney,TX,76374,Young,5/1/2004,25,1,0,0
Collingsworth General Hospital,Wellington,TX,79095,Collingsworth,4/1/2004,16,1,0,0
Memorial Medical Center,Port Lavaca,TX,77979,Calhoun,8/1/2004,25,1,0,0
Memorial Hospital,Seminole,TX,79360,Gaines,10/1/2004,25,1,0,0
Ochiltree General Hospital,Perryton,TX,79070,Ochiltree,10/1/2004,25,1,0,0
Memorial Medical Center,San Augustine,TX,75972,San Augustine,12/1/2004,18,0,0,0
Sabine County Hospital,Hemphill,TX,75948,Sabine,12/1/2004,25,0,0,0
Clay County Memorial Hospital,Henrietta,TX,76365,Clay,3/1/2005,25,1,0,0
Jackson County Hospital District,Edna,TX,77957,Jackson,3/1/2005,25,1,0,0
Otto Kaiser Memorial Hospital,Kenedy,TX,78119,Karnes,4/1/2005,25,1,0,0
Seton Highland Lakes,Burnet,TX,78611,Burnet,7/1/2005,25,1,0,0
Cochran Memorial Hospital,Morton,TX,79346,Cochran,12/21/2005,18,0,0,0
ETMC Pittsburg,Pittsburg,TX,75686,Camp,12/14/2005,25,0,0,0
Golden Plains Community Hospital,Borger,TX,79007,Hutchinson,12/1/2005,25,1,0,0
Northeast Medical Center,Bonham,TX,75418,Fannin,12/12/2005,25,0,0,0
Seton Edgar B. Davis Hospital,Luling,TX,78648,Caldwell,12/28/2005,25,1,0,0
Ward Memorial Hospital,Monahans,TX,79756,Ward,12/31/2005,25,1,0,0
Baylor Scott & White-Taylor,Taylor,TX,76574,Williamson,12/20/2005,25,0,0,0
Muleshoe Area Medical Center,Muleshoe,TX,79347,Bailey,12/31/2005,25,1,0,0
Lavaca Medical Center,Hallettsville,TX,77964,Lavaca,12/29/2005,25,1,0,0
Reeves County Hospital District,Pecos,TX,79772,Reeves,9/19/2007,25,1,0,0
Big Bend Regional Medical Center,Alpine,TX,79830,Brewster,7/22/2008,25,1,0,0
Coryell Memorial Healthcare System,Gatesville,TX,76528,Coryell,9/15/2009,25,1,0,0
Mother Frances Hospital,Winnsboro,TX,75494,Wood,7/1/2010,25,1,0,0
East Texas Medical Center Quitman,Quitman,TX,75783,Wood,2/1/2011,25,0,0,0
Comanche County Medical Center,Comanche,TX,76442,Comanche,4/1/2012,25,0,0,0
Cogdell Memorial Hospital,Snyder,TX,79549,Scurry,4/21/2015,25,1,0,0
Goodall Witcher Hospital ,Clifton,TX,76634,Bosque,9/9/2015,25,0,0,0
MEMORIAL HOSPITAL,DUMAS,TX,79029,Moore,8/23/2013,25,1,0,0
Uvalde Memorial Hospital,UVALDE,TX,78801,Uvalde,7/18/2016,25,1,0,0
Frio Regional Hospital,Pearsall,TX,78061,Frio,9/19/2017,22,1,0,0
DIMMIT REGIONAL HOSPITAL,Carrizo Springs,TX,78834,Dimmit,10/18/2017,25,0,0,0
Pecos County Memorial Hospital,Fort Stockton,TX,79735,Pecos,2/24/2017,25,0,0,0
Hamilton General Hospital,Hamilton,TX,76531,Hamilton,9/1/2018,25,1,0,0
Crockett Medical Center,Crockett,TX,75835,Houston,1/0/1900,25,0,0,0
San Juan Hospital,Monticello,UT,84535,San Juan,12/14/2006,25,1,0,0
Central Valley Medical Center,Nephi,UT,84648,Juab,2/10/2004,19,1,0,0
Milford Valley Memorial Hospital,Milford,UT,84751,Beaver,3/12/2004,25,1,0,0
Fillmore Community Medical Center,Fillmore,UT,84631,MILLARD,8/12/2002,20,1,0,0
Delta Community Medical Center,Delta,UT,84624,MILLARD,6/18/2002,20,1,0,0
Moab Regional Hospital,Moab,UT,84532,GRAND,4/30/2003,25,1,0,0
SANPETE VALLEY HOSPITAL,Mount Pleasant,UT,84647,Sanpete,12/26/2003,18,1,0,0
Gunnison Valley Hospital,Gunnison,UT,84634,Sanpete,12/30/2005,25,1,0,0
Heber Valley Medical Center,Heber,UT,84032,Wasatch,12/14/2005,19,1,0,0
Kane County Hospital,Kanab,UT,84741,Kane,8/25/2009,25,1,0,0
Blue Mountain Hospital,Blanding,UT,84511,San Juan,6/30/2010,11,0,0,0
Beaver Valley Hospital,Beaver,UT,84713,Beaver,7/20/2016,24,0,0,0
Garfield Memorial Hospital ,Panguitch,UT,84759,Garfield,1/24/2017,15,1,0,0
Bath County Community Hospital Inc.,Hot Springs,VA,24445,Bath,1/18/2001,25,1,0,0
Carilion Giles Community Hospital,Pearisburg,VA,24134,GILES,10/1/2002,25,1,0,0
Dickenson Community Hospital,Clintwood,VA,24228,Dickenson,11/11/2003,25,1,10,0
Stonewall Jackson Hospital,Lexington,VA,24450,Independent City,8/1/2004,25,1,0,0
Shenandoah County Hospital,Woodstock,VA,22664,Shenandoah,8/1/2004,25,1,0,0
Page Memorial Hospital Inc.,Luray,VA,22835,Page,10/1/2005,25,1,0,0
Bon Secours Rappahannock General Hospital,Kilmarnock,VA,22482,Lancaster,5/1/2016,25,0,10,0
Grace Cottage Hospital/Carlos G. Otis Health Care Center,Townshend,VT,05353,WINDHAM,12/1/2000,15,1,0,0
Gifford Medical Center,Randolph,VT,05060,ORANGE,6/1/2001,25,1,0,0
Mount Ascutney Hospital and Health Center,Windsor,VT,05089,WINDSOR,12/1/2001,25,1,0,10
Copley Hospital,Morrisville,VT,05661,Lamoille,6/1/2005,25,1,0,0
North Country Hospital and Health Center,Newport,VT,05855,Orleans,12/2/2004,25,1,0,0
Northeastern Vermont Regional Hospital,St. Johnsbury,VT,05819,Caledonia,7/1/2004,25,1,0,0
Springfield Hospital,Springfield,VT,05156,Windsor,12/1/2005,25,1,10,0
Porter Hospital,Middlebury,VT,05753,Addison,12/31/2005,25,1,0,0
Garfield County Memorial Hospital,Pomeroy,WA,99347,GARFIELD,8/26/1999,25,1,0,0
Dayton General Hospital,Dayton,WA,99328,COLUMBIA,1/1/2000,25,1,0,0
Willapa Harbor Hospital,South Bend,WA,98586,PACIFIC,4/1/2000,15,1,0,0
Summit Pacific Medical Center,Elma,WA,98541,GRAYSHARBOR,7/1/2000,15,0,0,0
Lincoln Hospital,Davenport,WA,99122,LINCOLN,8/1/2000,25,1,0,0
Odessa Memorial Hospital,Odessa,WA,99159,LINCOLN,1/1/2001,25,1,0,0
Coulee Community Hospital,Grand Coulee,WA,99133,GRANT,1/1/2001,15,1,0,0
East Adams Rural Hospital,Ritzville,WA,99169,ADAMS,1/1/2002,20,1,0,0
"Arbor Health, Morton Hospital",Morton,WA,98356,LEWIS,7/1/2002,25,1,0,0
Lake Chelan Community Hospital,Chelan,WA,98816,Chelan,10/1/2004,25,1,10,0
Columbia Basin Hospital,Ephrata,WA,98823,GRANT,4/1/2002,25,1,0,0
Quincy Valley Medical Center,Quincy,WA,98848,GRANT,10/1/2002,25,1,0,0
Cascade Medical Center,Leavenworth,WA,98826,Chelan,1/1/2002,12,1,0,0
Ferry County Memorial Hospital,Republic,WA,99166,FERRY,1/1/2003,25,1,0,0
Forks Community Hospital,Forks,WA,98331,CLALLAM,1/1/2003,17,1,0,0
Jefferson Healthcare,Port Townsend,WA,98368,JEFFERSON,1/1/2003,20,1,0,0
Klickitat Valley Hospital,Goldendale,WA,98620,KLICKITAT,4/1/2002,25,1,0,0
Mid Valley Hospital,Omak,WA,98841,Okanogan,10/1/2003,20,1,0,0
Providence Mount Carmel Hospital,Colville,WA,99114,STEVENS,6/1/2003,25,1,0,0
Newport Hospital & Health Services,Newport,WA,99156,PEND OREILLE,10/19/2001,24,1,0,0
North Valley Hospital,Tonasket,WA,98855,OKANOGAN,11/1/2002,25,1,0,0
Ocean Beach Hospital,Ilwaco,WA,98624,PACIFIC,2/1/2002,15,1,0,0
Three Rivers Hospital,Brewster,WA,98812,OKANOGAN,12/1/2002,20,1,0,0
Othello Community Hospital,Othello,WA,99344,ADAMS,7/1/2002,15,0,0,0
Prosser Memorial Hospital,Prosser,WA,99350,BENTON,1/1/2002,25,1,0,0
Pullman Regional Hospital,Pullman,WA,99163,Whitman,6/1/2004,25,1,0,0
Skyline Hospital,White Salmon,WA,98672,KLICKITAT,3/1/2002,25,1,0,0
Providence St. Joseph Hospital,Chewelah,WA,99109,STEVENS,8/1/2001,25,1,0,0
Whitman Hospital & Medical Center,Colfax,WA,99111,Whitman,8/1/2003,25,1,0,0
PeaceHealth United General Hospital,Sedro Woolley,WA,98284,Skagit,1/1/2004,25,1,10,0
Astria Sunnyside Hospital,Sunnyside,WA,98944,Yakima,1/19/2004,25,0,0,0
Tri-State Memorial Hospital,Clarkston,WA,99403,Asotin,8/1/2004,25,1,0,0
Kittitas Valley Community Hospital,Ellensburg,WA,98926,Kittitas,10/1/2004,25,1,0,0
St. Elizabeth Community Hospital,Enumclaw,WA,98022,King,11/1/2004,25,0,0,0
Mason General Hospital,Shelton,WA,98584,Mason,1/1/2005,25,0,0,0
Lourdes Health,Pasco,WA,99301,Franklin,2/1/2005,25,1,0,10
Snoqualmie Valley Hospital,Snoqualmie,WA,98065,King,12/1/2005,11,1,10,0
WhidbeyHealth Medical Center,Coupeville,WA,98239,Island,12/31/2005,25,0,0,0
Peacehealth Peace Island Medical Center,Friday Harbor,WA,98250,San Juan,5/3/2013,10,0,0,0
Ascension Eagle River Hospital,Eagle River,WI,54521,VILAS,10/1/1999,10,1,0,0
Mayo Clinic Health System Oakridge,Osseo,WI,54758,TREMPEALEAU,11/4/1999,18,1,0,0
ThedaCare Medical Center - Wild Rose ,Wild Rose,WI,54984,WAUSHARA,12/1/1999,25,1,0,0
Gundersen St. Joseph's Hospital & Clinics ,Hillsboro,WI,54634,VERNON,3/8/2000,12,1,0,0
Mayo Clinic Health System Franciscan Healthcare Sparta,Sparta,WI,54656,MONROE,4/20/2000,25,1,0,0
Chippewa Valley Hospital,Durand,WI,54736,PEPIN,8/1/2000,25,1,0,0
Memorial Hospital of Lafayette County,Darlington,WI,53530,LAFAYETTE,4/1/2001,25,1,0,0
HSHS St. Clare Memorial Hospital,Oconto Falls,WI,54154,OCONTO,2/1/2001,25,1,0,0
Amery Hospital and Clinic,Amery,WI,54001,POLK,11/2/2000,25,1,10,0
Gundersen Moundview Hospital & Clinics,Friendship,WI,53934,ADAMS,4/1/2001,25,1,0,0
Ascension Sacred Heart Hospital,Tomahawk,WI,54487,LINCOLN,5/1/2001,6,1,0,0
Ascension Our Lady of Victory Hospital,Stanley,WI,54768,CHIPPEWA,3/7/2001,14,1,0,0
Edgerton Hospital and Health Services,Edgerton,WI,53534,ROCK,1/1/2002,25,1,0,0
Mayo Clinic Health System Northland,Barron,WI,54812,BARRON,9/1/2001,25,1,0,0
Mayo Clinic Health System Chippewa Valley,Bloomer,WI,54724,CHIPPEWA,7/1/2001,25,0,0,0
Memorial Medical Center,Neillsville,WI,54456,CLARK,8/1/2002,25,0,0,0
Flambeau Medical Center,Park Falls,WI,54552,PRICE,10/1/2002,25,0,0,0
Gundersen Tri-County Hospital & Clinics,Whitehall,WI,54773,TREMPEALEAU,9/23/2001,25,1,0,0
Ascension Calumet Hospital,Chilton,WI,53014,CALUMET,11/2/2001,12,1,0,0
Osceola Medical Center,Osceola,WI,54020,POLK,1/1/2002,23,1,0,0
Gundersen Boscobel Area Hospital & Clinics,Boscobel,WI,53805,Grant,10/1/2004,25,1,10,0
Marshfield Medical Center Ladysmith,Ladysmith,WI,54848,Rusk,3/1/2003,25,1,0,0
Tomah Memorial Hospital,Tomah,WI,54660,MONROE,4/1/2002,20,1,0,0
Ripon Medical Center,Ripon,WI,54971,FOND DU LAC,4/1/2002,22,1,0,0
Grant Regional Health Center,Lancaster,WI,53813,GRANT,5/1/2002,15,1,0,0
Aspirus Medford Hospital & Clinics,Medford,WI,54451,TAYLOR,6/10/2002,25,1,0,0
ThedaCare Medical Center - New London ,New London,WI,54961,OUTAGAMIE,1/1/2003,25,0,0,0
Waupun Memorial Hospital,Waupun,WI,53963,FOND DU LAC,2/1/2003,25,1,0,0
Essentia Health St. Mary's Hospital ,Superior,WI,54880,Douglas,8/1/2003,24,1,0,0
Crossing Rivers Health Medical Center,Prarie Du Chien,WI,53821,Crawford,10/1/2003,18,1,0,0
Burnett Medical Center,Grantsburg,WI,54840,Burnett,10/1/2003,17,1,0,0
Spooner Health System,Spooner,WI,54801,Washburn,2/12/2004,25,1,0,0
Black River Memorial Hospital,Black River Falls,WI,54615,Jackson,2/5/2004,25,0,0,0
ThedaCare Medical Center - Waupaca,Waupaca,WI,54981,Waupaca,3/6/2004,25,0,0,0
Ascension Good Samaritan Hospital,Hayward,WI,54843,Sawyer,5/1/2004,25,1,0,0
ThedaCare Medical Center - Waupaca,Saint Croix Falls,WI,54024,Polk,4/7/2004,9,1,0,0
Ascension Good Samaritan Hospital,Hudson,WI,54016,St Croix,5/1/2004,16,0,0,0
ThedaCare Medical Center - Waupaca,Columbus,WI,53925,Columbia,7/1/2004,25,0,0,0
Ascension Good Samaritan Hospital,Merrill,WI,54452,Lincoln,7/1/2004,14,1,0,0
Mayo Clinic Health System Red Cedar,Menomonie,WI,54751,Dunn,7/1/2004,25,0,0,0
Richland Hospital,Richland Center,WI,53581,Richland,7/8/2004,25,1,0,0
Indianhead Medical Center,Shell Lake,WI,54871,Washburn,10/1/2004,25,1,0,0
Stoughton Hospital,Stoughton,WI,53589,Dane,10/1/2004,25,0,10,0
Westfields Hospital,New Richmond,WI,54017,St. Croix,8/1/2004,25,1,0,0
ThedaCare Medical Center - Shawano,Shawano,WI,54166,Shawano,9/1/2004,25,1,0,0
Western Wisconsin Health,Baldwin,WI,54002,St. Croix,10/1/2004,25,1,0,0
Vernon Memorial Hospital,Viroqua,WI,54665,Vernon,10/19/2004,12,1,0,0
River Falls Area Hospital,River Falls,WI,54022,St Croix,1/1/2005,25,1,0,0
Aspirus Langlade Hospital,Antigo,WI,54409,Langlade,2/1/2005,25,1,0,0
Cumberland Healthcare,Reedsburg,WI,53959,Sauk,1/1/2005,25,1,0,0
Aspirus Langlade Hospital,Dodgeville,WI,53533,Iowa,1/1/2005,25,1,0,0
Cumberland Healthcare,Cumberland,WI,54829,Barron,8/19/2005,25,1,10,0
Southwest Health Center Inc,Platteville,WI,53818,Grant,11/1/2005,25,1,10,0
ThedaCare Medical Center- Berlin,Berlin,WI,54923,Green Lake,12/1/2005,25,0,0,0
Bellin Health Oconto Hospital & Clinic,Oconto,WI,54153,Oconto,11/18/2005,4,0,0,0
Mercy Walworth Hospital & Medical Center,Lake Geneva,WI,53147,Walworth,12/29/2005,6,0,0,0
Door County Medical Center,Sturgeon Bay,WI,54235,Door,6/13/2006,25,1,0,0
Memorial Medical Center,Ashland,WI,54806,Ashland,10/1/2007,25,0,10,0
Minnie Hamilton HealthCare Center,Grantsville,WV,26147,CALHOUN,9/19/1996,18,1,0,0
Broaddus Hospital,Philippi,WV,26416,BARBOUR,3/1/1999,25,1,0,0
Sistersville General Hospital,Sistersville,WV,26175,TYLER,7/3/1996,12,1,0,0
Roane General Hospital,Spencer,WV,25276,ROANE,2/16/1999,25,1,0,0
Webster County Memorial Hospital,Webster Springs,WV,26288,WEBSTER,4/1/1999,15,1,0,0
Boone Memorial Hospital,Madison,WV,25130,BOONE,2/1/2004,25,1,0,0
Braxton County Memorial Hospital,Gassaway,WV,26624,BRAXTON,7/1/2000,25,1,0,0
Grafton City Hospital,Grafton,WV,26354,TAYLOR,10/29/1999,25,1,0,0
War Memorial Hospital,Berkeley Springs,WV,25411,MORGAN,11/1/2000,25,1,0,0
Pocahontas Memorial Hospital,Buckeye,WV,24924,POCAHONTAS,7/1/2004,25,1,0,0
Preston Memorial Hospital,Kingwood,WV,26537,PRESTON,1/1/2003,25,1,0,0
Summers County Appalachian Regional Hospital,Hinton,WV,25951,SUMMERS,1/31/2001,25,1,0,0
Montgomery General Hospital,Montgomery,WV,25136,Fayette,6/1/2005,25,0,0,0
St. Joseph's Hospital - Buckhannon,Buckhannon,WV,26201,Upshur,4/2/2014,25,1,0,0
Hampshire Memorial Hospital,Romney,WV,26757,HAMPSHIRE,9/1/2002,14,1,0,0
Potomac Valley Hospital of WV,Keyser,WV,26726,Mineral,9/1/2004,25,1,0,0
Plateau Medical Center,Oak Hill,WV,25901,Fayette,9/17/2004,25,1,0,0
Jeferson Memorial Hospital,Ranson,WV,25438,Jefferson,12/15/2005,25,0,0,0
Grant Memorial Hospital,Petersburg,WV,26847,Grant,9/21/2009,25,1,0,0
Jackson General Hospital,Ripley,WV,25271,Jackson,10/1/2012,25,1,0,0
Summersville Regional Medical Center,Summersville,WV,26651,Nicholas,2/1/2019,25,0,0,0
Crook County Medical Services,Sundance,WY,82729,Crook,2/1/2004,16,1,0,0
Weston County Health Services,Newcastle,WY,82701,WESTON,7/1/2002,25,1,0,0
North Big Horn Hospital,Lovell,WY,82431,BIG HORN,7/1/2003,15,1,0,0
Star Valley Hospital,Afton,WY,83110,Afton,8/11/2004,16,1,0,0
South Bighorn County Hospital,Basin,WY,82426,BIG HORN,1/6/2001,6,0,0,0
Memorial Hospital of Converse County,Douglass,WY,82633,CONVERSE,4/18/2002,25,1,0,0
Platte County Memorial Hospital,Wheatland,WY,82201,PLATTE,10/1/2002,25,1,0,0
Washakie Medical Center,Worland,WY,82401,WASHAKIE,1/1/2003,25,1,0,0
Community Hospital,Torrington,WY,82240,GOSHEN,12/18/2002,25,1,0,0
Hot Springs County Memorial Hospital,Thermapolis,WY,82443,Hot Springs,8/1/2002,25,1,0,0
Johnson County Healthcare Center-CAH,Buffalo,WY,82835,Johnson,7/1/2003,25,1,0,0
Powell Valley Hospital-CAH,Powell,WY,82435,Park,9/29/2003,25,1,0,0
West Park Hospital,Cody,WY,82414,Park,6/1/2004,25,1,0,0
Niobrara Health and Life Center,Lusk,WY,82225,Niobrara ,8/15/2005,24,1,0,0
South Lincoln Medical Center,Kemmerer,WY,83101,Lincoln,7/1/2009,16,0,0,0
Memorial Hospital of Carbon County,Rawlings,WY,82301,Carbon,7/1/2010,25,1,0,0
