HCCIS ID,NPI,Hospital Name,City,Address,Multiple unit,P.O. Box,County,State,Zip,Zip4,Phone,Fax,Administrator First Name,Administrator Last Name,Administrator Title,Administrator e-mail,CFO Name,Contact Person First Name,Contact Person Last Name,Contact Person Title,Contact Person Phone,Contact Person Extension,Contact Person Fax,Contact Person e-mail,Contact Address,Contact Multiple Unit,City,State,Zip Code,Zip 4 ,County,Hospital Website Address,System Affiliation,Affiliation Type,CAH,Emergency Department Physician Director,Courtesy Contact Person First Name,Courtesy Contact Person Last Name,Courtesy Contact Person Title,Courtesy Contact Person Phone,Courtesy Contact Person Extension,Courtesy Contact Person Fax,Courtesy Contact Person e-mail,Courtesy Contact Address,Courtesy Contact Multiple Unit,Courtesy Contact City,Courtesy Contact State,Courtesy Contact Zip5,Coutesy Contact Zip4,Courtesy Contact 2 Person First Name,Courtesy Contact 2 Person Last Name,Courtesy Contact 2 Person Title,Courtesy Contact 2 Person Phone,Courtesy Contact 2 Person Extension,Courtesy Contact 2 Person Fax,Courtesy Contact 2 Person e-mail,Courtesy Contact 2 Address,Courtesy Contact 2 Multiple Unit,Courtesy Contact 2 City,Courtesy Contact 2 State,Courtesy Contact 2 Zip5,Coutesy Contact Zip4,Capital Expenditure Person First Name,Capital Expenditure Person Last Name,Capital Expenditure Person Title,Capital Expenditure Person Phone,Capital Expenditure Person Extension,Capital Expenditure Person Fax,Capital Expenditure Person e-mail,Capital Expenditure Address,Capital Expenditure Multiple Unit,Capital Expenditure City,Capital Expenditure State,Capital Expenditure Zip5,Coutesy Contact Zip4
3,1306836598,Essentia Health Ada,ADA,201 9th Street West  ,,,NORMAN,MN,56510,1243,2187845000,2187843855,Ryan,Hill,Administrator,ryan.hill@essentiahealth.org,N/A,Shawna,Enright,Mgr - Controller,2187845255,NULL,2187843855,shawna.enright@essentiahealth.org,"201 9TH ST W, , ",,Ada,MN,56510,1243,,www.essentiahealth.org,Essentia Health,Owned,1,Dr. Darrin Swanson,Ryan,Hill,CFO,2188470852,NULL,2188477674,Ryan.hill@essentiahealth.org,1027 Washington Ave,,Detroit Lakes,  ,,,,,,,,,,,,,,,,Shawna,Enright,Mgr - Controller,2187845255,NULL,2187843855,shawna.enright@essentiahealth.org,"201 9TH ST W, , ",,Ada,MN,56510,1243
4,1942277835,Riverwood HealthCare Center,AITKIN,200 Bunker Hill Drive      ,,,AITKIN,MN,56431,1697,2189272121,2189275516,Chad,Cooper,CEO,ccooper@riverwoodhealthcare.org,Casey Johnson,Casey,Johnson,CFO,2189275161,NULL,2189275516,cjohnson2@riverwoodhealthcare.org,"200 Bunker Hill Drive, ",,Aitkin,MN,56431,,,www.riverwoodhealthcare.org,No Affiliation,,1,"James Harris, MD",Judy,Turner,Finance Manager,2189278273,NULL,2189275516,jturner@riverwoodhealthcare.org,"200 Bunker Hill Drive, , , , , ",,Aitkin,MN,56431,1697,Susan,Boyd,Finance Assistant,2189275197,NULL,2189275516,sboyd@sisunet.org,"200 Bunker Hill Drive, , ,, , ",,Aitkin,MN,56431,,Judy,Turner,Finance Manager,2189278273,NULL,2189275516,jturner@riverwoodhealthcare.org,"200 Bunker Hill Drive, , , , , ",,Aitkin,MN,56431,1697
100,1346258100,Mayo Clinic Health System - Albert Lea and Austin,ALBERT LEA,404 W. Fountain Street   ,,,FREEBORN,MN,56007,2437,5073732384,5073776464,Stephen,Waldhoff,Chief Administrative Officer,waldhoff.stephen@mayo.edu,Jim Tarasovitch,Mark,Homard,Reimbursement Process Manager,5072664742,NULL,5072840986,homard.mark@mayo.edu,"200 First Street SW,, ",,Rochester,MN,55905,,Olmsted,www.almedcenter.org,Mayo Clinic,Owned,0,"Michael Ulrich, M.D.",,,,,,,,,,,,,,,,,,,,,,,,,,,Mark,Homard,Reimbursement Process Manager,5072664742,NULL,5072840986,homard.mark@mayo.edu,"200 First Street SW,, ",,Rochester,MN,55905,
34,1164424305,Douglas County Hospital,ALEXANDRIA,111 E. 17th Avenue  ,,,DOUGLAS,MN,56308,3703,3207621511,3207626101,Carl P.,Vaagenes,Administrator,cvaagenes@dchospital.com,Nate R. Meyer,Nate R,Meyer,CFO,3207626052,NULL,3207626120,nmeyer@dchospital.com,,,,MN,,,,www.dchospital.com,No Affiliation,,0,David J. Odland M.D.,Joni,Marusak,Controller,3207626109,NULL,3207626164,jmarusak@dchospital.com,,,,  ,,,Jon,Kuhnau,Corporate Accountant,3207626396,NULL,NULL,jlkuhnau@dchospital.com,,,,  ,,,Nate R,Meyer,CFO,3207626052,NULL,3207626120,nmeyer@dchospital.com,,,,MN,,
248,1386676799,Community Behavioral Health Hospital-Alexandria,ALEXANDRIA,1610 8th Ave. E.  ,,,DOUGLAS,MN,56308,2472,3203356201,3207591002,Nancy,Johnston,Executive Director,nancy.a.johnston@state.mn.us,Shirley Jacobson,Lori,Zook,CFO,5079347689,NULL,5079347651,lzook@rehc.org,1900 N Sunrise Dr,,St. Peter,MN,56082,1327,,shirley.jacobson@state.mn.us,"Dept of Human Services, State of MN",Owned,0,0,,,,,,,,,,,,,,,,,,,,,,,,,,,,,,,,,,,,,,,
249,1225130487,Community Behavioral Health Hospital - Annandale,ANNANDALE,400 Annandale Blvd  ,,,WRIGHT,MN,55302,3141,6512593850,3202747018,Nancy,Johnston,Executive Director,nancy.a.johnston@state.mn.us,Shirley Jacobson,Lori,Zook,CFO,5079347689,NULL,5079347651,lzook@rehc.org,1900 N Sunrise Dr,,St. Peter,MN,56082,1327,,shirley.jacobson@state.mn.us,"Dept of Human Services, State of MN",Owned,0,0,,,,,,,,,,,,,,,,,,,,,,,,,,,,,,,,,,,,,,,
200,1275585564,Anoka Metro Regional Treatment Center,ANOKA,3301 7th Avenue North  ,,,ANOKA,MN,55303,,7637124000,7637124013,Nancy,Johnston,Executive Director,nancy.a.johnston@state.mn.us,Shirley Jacobson,Lori,Zook,CFO,5079347689,NULL,5079347651,lzook@rehc.org,1900 N Sunrise Dr,,St. Peter,MN,56082,1327,,shirley.jacobson@state.mn.us,"Dept of Human Services, State of MN",Owned,0,0,,,,,,,,,,,,,,,,,,,,,,,,,,,,,,,,,,,,,,,
6,1578590626,Appleton Municipal Hospital and Nursing Home,APPLETON,30 South Behl Street      ,,,SWIFT,MN,56208,1616,3202892422,3202891797,Jeff,Cook,Administrator,jcook@appletonareahealth.org,Anne Kells,Anne,Kells,CFO,3202898514,NULL,3202891585,akells@appletonareahealth.org,"30 S Behl St., , , , ",,Appleton,MN,56208,----,Swift,www.appletonareahealth.com,No Affiliation,,1,Dr. R. Kabatay,,,,,,,,,,,,,,,,,,,,,,,,,,,Anne,Kells,CFO,3202898514,NULL,3202891585,akells@appletonareahealth.org,"30 S Behl St., , , , ",,Appleton,MN,56208,----
7,1740240225,Ridgeview Sibley Medical Center,ARLINGTON,601 West Chandler Street     ,,,SIBLEY,MN,55307,2127,5079642271,5079648490,Todd,Sandberg,VP Administrator,todd.sandberg@ridgeviewmedical.org,Gordon Gablenz,Darla,Anderson,Director of Finance,5079648424,NULL,NULL,darla.anderson@ridgeviewmedical.org,"601 W CHANDLER ST, , , ,, , ",,Arlington,MN,55307,----,Sibley,www.sibleymedical.org,No Affiliation,,1,Dr. Matthew Herold,,,,,,,,,,,,,,,,,,,,,,,,,,,Darla,Anderson,Director of Finance,5079648424,NULL,NULL,darla.anderson@ridgeviewmedical.org,"601 W CHANDLER ST, , , ,, , ",,Arlington,MN,55307,----
175,1639278609,Essentia Health Northern Pines,AURORA,5211 Highway 110  ,,,ST. LOUIS,MN,55705,1522,2182292211,2182292042,Laura,Ackman,Administrator/COO,laura.ackman@essentiahealth.org,Kevin Boren,Michael,Vuchetich,Accounting Analyst I,2187861242,NULL,2187868406,Michael.Vuchetich@essentiahealth.org,"532 E. First Street, ",,Duluth,MN,55805,1984,ST. LOUIS,essentiahealth.org,Essentia Health,Owned,1,Dr. Christopher Whiting,Rachel,Plesha,Manager of Financial Reporting,2187861432,NULL,2187868406,Rachel.Plesha@EssentiaHealth.org ,"532 E. First Street, ",,Duluth,MN,55805,,,,,,,,,,,,,,,Laura,Carlson,Accounting Analyst II,2187861703,NULL,2187868406,Laura.Carlson@EssentiaHealth.org ,"532 E. First Street, ",,Duluth,MN,55805,
19,1295859411,Sanford Bagley Medical Center,BAGLEY,203 Fourth Street NW      ,,,CLEARWATER,MN,56621,8305,2186946501,2186943528,Dan,Olson,CEO,Dan.Olson@Sanfordhealth.org,Craig Boyer,Jill,Sigelman,Reimbursement Director,6123764528,NULL,6123764850,jill.sigelman@claconnect.com,"220 S. 6th Street, Suite 300, ",,Minneapolis,MN,55402,,Hennepin,0,Sanford Health,Owned,1,"Andre Spence, MD",Helean,Robertson,Director of Finance,2183335823,NULL,2187515880,helean.robertson@sanfordhealth.org,1300 Anne Street NW,,Bemidji,MN,56601,,Jane,Miller,Accounting Analyst,2183335569,NULL,2187515880,jane.miller@sanfordhealth.org,1300 Anne Street NW,,Bemidji,MN,56601,,Helean,Robertson,Director of Finance,2183335823,NULL,2187515880,helean.robertson@sanfordhealth.org,1300 Anne Street NW,,Bemidji,MN,56601,
159,1922072776,LakeWood Health Center,BAUDETTE,600 Main Ave. South     ,,,LAKE OF THE WOODS,MN,56623,2855,2186342120,2186341094,Ben,Koppelman,Administrator,ben.koppelman@catholichealth.net,Jay Ross,Daniel,Larsen,Principal,5074347055,NULL,5074378997,dan.larsen@claconnect.com,"109 North Main Street, ",,Austin,MN,55912,,Mower,0,Catholic Health Initiatives,Owned,1,Dr. Justin Quo,Jay,Ross,CFO,2186343440,NULL,2186341094,jayross@catholichealth.net,600 Main Ave. South,,Baudette,MN,56623,,,,,,,,,,,,,,,Jay,Ross,CFO,2186343440,NULL,2186341094,jayross@catholichealth.net,600 Main Ave. South,,Baudette,MN,56623,
254,1487715033,Community Behavioral Health Hospital - Baxter,BAXTER,14241 Grand Oaks Drive  ,,,CROW WING,MN,56425,,2183163104,2188299141,Nancy,Johnston,Executive Director,nancy.a.johnston@state.mn.us,Shirley Jacobson,Lori,Zook,CFO,5079347689,NULL,5079347651,lzook@rehc.org,1900 N Sunrise Dr,,St. Peter,MN,56082,1327,,shirley.jacobson@state.mn.us,"Dept of Human Services, State of MN",Owned,0,0,,,,,,,,,,,,,,,,,,,,,,,,,,,,,,,,,,,,,,,
102,1801870191,Sanford Bemidji Medical Center,BEMIDJI,1300 Anne Street NW    ,,,BELTRAMI,MN,56601,,2187515430,2187515880,Dan,Olson,President,Dan.Olson@Sanfordhealth.org,Craig O. Boyer,Jill,Sigelman,Reimbursement Director,6123764528,NULL,6123764850,jill.sigelman@claconnect.com,"220 S. 6th Street, Suite 300, ",,Minneapolis,MN,55402,,Hennepin,sanfordhealth.org,Sanford Health,Owned,0,"Joseph Corser, MD",Helean,Robertson,Director of Finance,2183335823,NULL,2187515880,helean.robertson@sanfordhealth.org,1300 Anne Street NW,,Bemidji,MN,56601,,Jane,Miller,Accounting Analyst,2183335569,NULL,2187515880,jane.miller@sanfordhealth.org,1300 Anne Street NW,,Bemidji,MN,56601,,Helean,Robertson,Director of Finance,2183335823,NULL,2187515880,helean.robertson@sanfordhealth.org,1300 Anne Street NW,,Bemidji,MN,56601,
256,1043331358,Community Behavioral Health Hospital - Bemidji,BEMIDJI,"800 Bemidji Avenue North, Suite 200  ",,,BELTRAMI,MN,56601,,2183082400,2183086800,Nancy,Johnston,Executive Director,nancy.a.johnston@state.mn.us,Shirley Jacobson,Lori,Zook,CFO,5079347689,NULL,5079347651,lzook@rehc.org,1900 N Sunrise Dr,,St. Peter,MN,56082,1327,,NULL,"Dept of Human Services, State of MN",Owned,0,0,,,,,,,,,,,,,,,,,,,,,,,,,,,,,,,,,,,,,,,
153,1174529002,Swift County-Benson Hospital,BENSON,1815 Wisconsin Avenue ,,,SWIFT,MN,56215,,3208434232,3208434172,Kurt,Waldbillig,CEO,kwaldbillig@scbh.org,Jayne Thielke,Jayne,Thielke,Finance Director Senior Services,3208431304,NULL,3208434172,jthielke@scbh.org,"1815 Wisconsin Ave., , , , , ",,Benson,MN,56215,----,,scbh.org,Rice Memorial Hospital,Managed,1,"Richard R. Horecka, MD",Dan,Enderson,CFO,3203145461,NULL,3208434172,denderson@scbh.org,,,,MN,,,,,,,,,,,,,,,,Jayne,Thielke,Finance Director Senior Services,3208431304,NULL,3208434172,jthielke@scbh.org,"1815 Wisconsin Ave., , , , , ",,Benson,MN,56215,----
104,1851335525,Bigfork Valley Hospital,BIGFORK,258 Pinetree Drive    ,,,ITASCA,MN,56628,,2187433177,2187433559,Aaron,Saude,CEO,ASaude@bigforkvalley.org,Gordon Forbort,Gordon,Forbort,Interim CFO,7634862698,NULL,2187633559,gforbort@sisunet.org,,,,  ,,,,www.bigforkvalley.org,No Affiliation,,1,"Heidi Korstad, MD",Christine,Lokken,Director of Finance,2187434267,NULL,2187633559,clokken@bigforkvalley.org,"258 PINETREE DR, PO Box 258, PO Box 258",PO Box 258,Bigfork,MN,56628,-258,,,,,,,,,,,,,,Christine,Lokken,Director of Finance,2187434267,NULL,2187633559,clokken@bigforkvalley.org,"258 PINETREE DR, PO Box 258, PO Box 258",PO Box 258,Bigfork,MN,56628,-258
162,1952307688,United Hospital District,BLUE EARTH,515 S. Moore St.     ,,,FARIBAULT,MN,56013,2158,5075263273,5075263621,Rick,Ash,Chief Executive Officer,rickash@uhd.org,Patrick Justin,Karen,Gossen,Accountant,5075267949,NULL,5075263621,kgossen@uhd.org,"515 S Moore Street, P.O. Box 160, , ",,Blue Earth,MN,56013,,Faribault,www.uhd.org,No Affiliation,,1,"Aaron Johnson, MD",Patrick,Justin,CFO,5075267908,NULL,5075263621,pjustin@uhd.org,"515 S Moore Street, P.O. Box 160, , ",,Blue Earth,MN,56013,,,,,,,,,,,,,,,Karen,Gossen,Accountant,5075267949,NULL,5075263621,kgossen@uhd.org,"515 S Moore Street, P.O. Box 160, , ",,Blue Earth,MN,56013,
142,1568415974,St. Joseph's Medical Center,BRAINERD,523 North Third Street    ,,,CROW WING,MN,56401,3054,2188292861,2188283103,Adam,Rees,President Essentia Health Central Region,adam.rees@essentiahealth.org,David Pilot,Dan,Larsen,Principal,5074347055,NULL,5074378997,dan.larsen@claconnect.com,"109 North Main St, , ",,Austin,MN,55912,,Mower,www.essentiahealth.org,Essentia Health,Owned,0,"Rebecca Holcomb, MD",Kim,Welliver,Associate Accounting SR,2188287645,NULL,NULL,kimberly.welliver@essentiahealth.org,"523 N Third St, ",,Brainerd,MN,56401,3054,David,Pilot,Chief Financial Officer,2188287642,NULL,2188283103,david.pilot@essentiahealth.org,"523 N Third St, ",,Brainerd,MN,56401,3054,David,Pilot,Chief Financial Officer,2188287642,NULL,2188283103,david.pilot@essentiahealth.org,"523 N Third St, ",,Brainerd,MN,56401,3054
134,1639162381,St. Francis Medical Center,BRECKENRIDGE,2400 St. Francis Drive    ,,,WILKIN,MN,56520,1242,2186433000,2186437344,David,Nelson,President/CEO,davidnelson@catholichealth.net,Cynthia Thormodson,Jessica,Carlson,FISA Senior Analyst,7012378019,NULL,7012378195,jessicacarlson@catholichealth.net,4784 Amber Valley Parkway,,Fargo,ND,58104,,Cass,www.sfcare.org,Catholic Health Initiatives,Owned,1,Dr. William Mayo,Kristin,Nicholson,Division Accountant,2186430371,NULL,2186430855,kristinnicholson@catholichealth.net,"2400 ST FRANCIS DR, , , , ",,Breckenridge,MN,56520,1242,,,,,,,,,,,,,,Kristin,Nicholson,Division Accountant,2186430371,NULL,2186430855,kristinnicholson@catholichealth.net,"2400 ST FRANCIS DR, , , , ",,Breckenridge,MN,56520,1242
259,1215182928,PrairieCare,BROOKLYN PARK,9400 Zane Ave N,,,HENNEPIN,MN,55443,,7637628800,7633153539,Joel,"Oberstar, Md",CEO,joberstar@prairie-care.com,Randy Drager,Randy,Drager,CFO,7637626809,NULL,7633154669,rdrager@prairie-care.com,9400 Zane Ave,,Brooklyn Park,MN,55443,,Hennepin,www.prairie-care.com,No Affiliation,,0,"Joel Oberstar, MD",,,,,,,,,,,,,,,,,,,,,,,,,,,Randy,Drager,CFO,7637626809,NULL,7633154669,rdrager@prairie-care.com,9400 Zane Ave,,Brooklyn Park,MN,55443,
11,1538123567,Buffalo Hospital,BUFFALO,303 Catlin Street    ,,,WRIGHT,MN,55313,1947,7636821212,7636847105,Jennifer,Myster,President,jennifer.myster@allina.com,Heather Johnson,Steve,Milbrandt,Senior Reimbursement Analyst,6122624722,NULL,6122624722,steven.milbrandt@allina.com,"PO Box 43, Mail Route 10809, ",,Minneapolis,MN,55440,43,Hennepin,www.allinahealth.org/buffalo-hospital,Allina Hospitals and Clinics,Owned,0,Dr. Christine Delmonico,Becky,Krenik,Reimbursement Manager,6122624720,NULL,6122624720,becky.krenik@allina.com,MR 10809 P.O.Box 43,,Minneapolis,MN,55440,43,Trisha,Schirmers,Reimbursement Director,6122624719,NULL,6122624719,trisha.schirmers@allina.com,MR 10809 P.O.Box 43,Mail Route 10809,Minneapolis,MN,55440,43,Steve,Milbrandt,Senior Reimbursement Analyst,6122624722,NULL,6122624722,steven.milbrandt@allina.com,"PO Box 43, Mail Route 10809, ",,Minneapolis,MN,55440,43
42,1245217520,Fairview Ridges Hospital,BURNSVILLE,201 East Nicollet Boulevard    ,,,DAKOTA,MN,55337,5714,9528922000,9528922107,Patrick,Belland,President,pbellan2@fairview.org,Dan Fromm,Gary,Lodge,Sr. Government Reimbursement Analyst,6126726053,NULL,6126726986,glodge1@fairview.org,"400 Stinson Blvd. NE, , , , , ",,Minneapolis,MN,58541,-261,Hennepin,www.fairview.org,Fairview Health Services,Owned,0,"Michael Rock, MD",Deborah,Mayland-Poyzer,Director of Government Reimbursement,6126727067,NULL,6126726986,dmaylan1@fairview.org,400 Stinson Blvd NE,,Minneapolis,MN,55413,2613,Tim,Fried,Government Reimbursement Supervisor,6126726736,NULL,6126726986,tfried1@fairview.org,400 Stinson Blvd NE,,Minneapolis,MN,55413,2613,James,Eckman,Sr Financial Analyst II,6126724668,NULL,6126721240,jeckman3@fairview.org,400 Stinson Blvd NE,,Minneapolis,MN,55413,2613
13,1568427383,Cambridge Medical Center,CAMBRIDGE,701 Dellwood Street South   ,,,ISANTI,MN,55008,1920,7636897700,7636887941,Gary,Shaw,President,Gary.Shaw@allina.com,Nancy Treacy,Taha,Valibhai,Reimbursement Analyst,6122624724,NULL,6122624724,taha.valibhai@allina.com,"P.O. Box 43, Mail Route 10809, ",,Minneapolis,MN,55440,43,Hennepin,http://www.allinahealth.org/Cambridge-Medical-Center/,Allina Hospitals and Clinics,Owned,0,Dr. Mark Thayer,Becky,Krenik,Reimbursement Manager,6122624720,NULL,6122624720,becky.krenik@allina.com,MR 10809 P.O.Box 43,,Minneapolis,MN,55440,43,Trisha,Schirmers,Reimbursement Director,6122624719,NULL,6122624719,trisha.schirmers@allina.com,MR 10809 P.O.Box 43,Mail Route 10809,Minneapolis,MN,55440,43,Taha,Valibhai,Reimbursement Analyst,6122624724,NULL,6122624724,taha.valibhai@allina.com,"P.O. Box 43, Mail Route 10809, ",,Minneapolis,MN,55440,43
14,1780781054,Sanford Canby Medical Center,CANBY,112 Saint Olaf Avenue South  ,,,YELLOW MEDICINE,MN,56220,1433,5072237277,5072237340,Lori,Sisk,CEO,Lori.Sisk@sanfordhealth.org,Allison Nelson,Sherri,Wisniewski,Finance Assistant,5072237277,340,5072237340,sherri.wisniewski@sanfordhealth.org,"112 SAINT OLAF AVE S, , ",,Canby,MN,56220,1433,Yellow Medicine,www.sanfordhealth.org,Sanford Health,Leased,1,Dr. Maritza Lopez,Allison,Nelson,CFO,5072237277,273,5072237340,allison.nelson@sanfordhealth.org,,,,  ,,,,,,,,,,,,,,,,Sherri,Wisniewski,Finance Assistant,5072237277,340,5072237340,sherri.wisniewski@sanfordhealth.org,"112 SAINT OLAF AVE S, , ",,Canby,MN,56220,1433
15,1063435410,Mayo Clinic Health System - Cannon Falls,CANNON FALLS,32021 County 24 Boulevard ,,,GOODHUE,MN,55009,1824,5072634221,5072637853,Glenn,Christian,Administrator,Christian.Glenn@mayo.edu,James J. Tarasovitch,Wanda,Fjerstad,Regulatory/Reimbursement Analyst,5072845761,NULL,5072840986,fjerstad.wanda@mayo.edu,"200 1st St SW, , , , ",,Rochester,MN,55905,----,Olmsted,http://www.cannonhealth.org/,Mayo Clinic,Owned,1,Janet Chestnut,Glenn,Christian,Administrator,5072639703,NULL,NULL,Christian.Glenn@mayo.edu,"32021 County 24 Boulevard, ",,CANNON FALLS,MN,55009,1824,,,,,,,,,,,,,,Wanda,Fjerstad,Regulatory/Reimbursement Analyst,5072845761,NULL,5072840986,fjerstad.wanda@mayo.edu,"200 1st St SW, , , , ",,Rochester,MN,55905,----
214,,US Public Health Service - Cass Lake,CASS LAKE,Rural Route3,,,CASS,MN,56633,,2183352293,,Luella,Brown,,,,,,,,,,,,,,,,,,,US Public Health Service,Owned,Yes,,,,,,,,,,,,,,,,,,,,,,,,,,,,,,,,,,,,,,,,
24,1003869082,Cloquet Memorial Hospital Association,CLOQUET,512 Skyline Boulevard     ,,,CARLTON,MN,55720,1199,2188794641,2188799167,Rick,Breuer,CEO/Administrator,rbreuer@cloquethospital.com,Brad Anderson,Steve,Peterson,Director of Accounting,2188787035,NULL,2188799167,speterson@cloquethospital.com,"512 SKYLINE BLVD, , , , , ",,Cloquet,MN,55720,1199,Carlton,www.cloquethospital.com,No Affiliation,,1,Dr. Chad Fey,,,,,,,,,,,,,,,,,,,,,,,,,,,Brad,Anderson,CFO,2188787027,NULL,2188799167,banderson@cloquethospital.com,,,,MN,,
29,1992763858,Cook Hospital & C&NC,COOK,10 5th St SE    ,,,ST. LOUIS,MN,55723,9702,2186665945,2186666228,Teresa,Debevec,Administrator,tdebevec@cook.sisunet.org,Kaylee Hoard,Kaylee,Hoard,CFO,2186666263,NULL,2186666228,khoard@cook.sisunet.org,"10 5th St SE, , ",,Cook,MN,55723,9702,ST. LOUIS,www.cookhospital.org,No Affiliation,,1,"Mathew Holmes, MD",,,,,,,,,,,,,,,,,,,,,,,,,,,Kaylee,Hoard,CFO,2186666263,NULL,2186666228,khoard@cook.sisunet.org,"10 5th St SE, , ",,Cook,MN,55723,9702
84,1316904287,Mercy Hospital,COON RAPIDS,4050 Coon Rapids Blvd. NW    ,,,ANOKA,MN,55433,2522,7632366000,7632368650,Sara,Criger,SVP President,sara.criger@allina.com,Gerald Pietz,Cassandra,Pender,Reimbursement Analyst,6122624732,NULL,6122624732,cassandra.pender@allina.com,"MR 10809, P.O. Box 43, ",,Minneapolis,MN,55440,43,Hennepin,www.allinahealth.org/Mercy-Hospital/,Allina Hospitals and Clinics,Owned,0,Dr. Michael Schwemm,Trisha,Schirmers,Reimbursement Director,6122624719,NULL,6122624719,trisha.schirmers@allina.com,MR 10809 P.O.Box 43,Mail Route 10809,Minneapolis,MN,55440,43,Roger,Newcome,Manager of Reimbursement,6122624721,NULL,6122624721,Roger.Newcome@allina.com,"P.O. Box 43, Mail Route 10809, ",,Minneapolis,MN,55440,43,Cassandra,Pender,Reimbursement Analyst,6122624732,NULL,6122624732,cassandra.pender@allina.com,"MR 10809, P.O. Box 43, ",,Minneapolis,MN,55440,43
119,1477525566,Riverview Healthcare Association,CROOKSTON,323 South Minnesota Street      ,,,POLK,MN,56716,1601,2182819200,2182819222,Carrie,Michalski,CEO,CMichalski@riverviewhealth.org,Betty Arvidson,Darryn,McGarvey,Principal,6123764624,NULL,6123764850,darryn.mcgarvey@CLAconnect.com,"220 South 6th Street Ste 300, , , ",,Minneapolis,MN,55402,1436,Hennepin,www.riverhealth.org,No Affiliation,,1,Dr. Fashoro,,,,,,,,,,,,,,,,,,,,,,,,,,,Betty,Arvidson,CFO,2182819756,NULL,2182819222,barvidson@riverviewhealth.org,323 S Minnesota Street,,Crookston,MN,56716,
31,1538143896,Cuyuna Regional Medical Center,CROSBY,320 East Main Street  ,,,CROW WING,MN,56441,1645,2185467000,2185467268,John H.,Solheim,CEO,jsolheim@cuyunamed.org,Kyle Bauer,Kyle,Bauer,CFO,2185462366,NULL,2185467268,kbauer@cuyunamed.org,"320 East Main Street, , ",,Crosby,MN,56441,--,,www.cuyunamed.org,No Affiliation,,1,Paul Allegra,,,,,,,,,,,,,,,,,,,,,,,,,,,Kyle,Bauer,CFO,2185462366,NULL,2185467268,kbauer@cuyunamed.org,"320 East Main Street, , ",,Crosby,MN,56441,--
66,1093745051,Johnson Memorial Health Services,DAWSON,1282 Walnut Street      ,,,LAC QUI PARLE,MN,56232,2333,3207694323,3207692972,Stacey,Lee,Administrator,slee@jmhsmn.org,Crystal M Bothun,Crystal M,Bothun,CFO,3203122104,NULL,3207692972,cmbothun@jmhsmn.org,"1282 Walnut Street, , ",,Dawson,MN,56232,2333,Lac Qui Parle,jmhsdawson.com,No Affiliation,,1,Dr. Ralph Gerbig,Jacob,Redepenning,Business Office Manager,3203122118,NULL,NULL,jredepenning@jmhsmn.org,,,,  ,,,,,,,,,,,,,,,,Crystal M,Bothun,CFO,3203122104,NULL,3207692972,cmbothun@jmhsmn.org,"1282 Walnut Street, , ",,Dawson,MN,56232,2333
25,1225049018,Essentia Health - Deer River,DEER RIVER,115 10th Ave NE   ,,,ITASCA,MN,56636,9700,2182462900,2182462913,Marsha,Green,Administrator,Marsha.Green@EssentiaHealth.org,Kevin Boren,Tim,Adamich,Finance Manager,2182464204,NULL,NULL,tim.adamich@essentiahealth.org,,,,  ,,,,www.essentiahealth.org,Essentia Health,Owned,1,"Steven Pitschka, MD",Rachel,Plesha,Manager of Financial Reporting,2187861432,NULL,2187868406,Rachel.Plesha@EssentiaHealth.org ,"532 E. First Street, ",,Duluth,MN,55805,,Michael,Vuchetich,Accounting Analyst I,2187861242,NULL,2187868406,Michael.Vuchetich@essentiahealth.org,"532 E. First Street, ",,Duluth,MN,55805,1984,Laura,Carlson,Accounting Analyst II,2187861703,NULL,2187868406,Laura.Carlson@EssentiaHealth.org ,"532 E. First Street, ",,Duluth,MN,55805,
147,1679561088,Essentia Health St. Mary's - Detroit Lakes,DETROIT LAKES,1027 Washington Avenue   ,,,BECKER,MN,56501,3409,2188475611,2188470813,Peter,Jacobson,President,Peter.Jacobson@EssentiaHealth.org,Ryan Hill,Laura,Irish,Accountant,2188470837,NULL,2188470899,Laura.Irish@EssentiaHealth.org,"1027 Washington Avenue, , ",,DETROIT LAKES,MN,56501,3598,,www.essentiahealth.org,Essentia Health,Owned,0,Dr. Bud Belk,Ryan,Hill,CFO,2188470852,NULL,2188477674,Ryan.hill@essentiahealth.org,1027 Washington Ave,,Detroit Lakes,  ,,,Deb,Gunderson,Controller,2188470816,NULL,2188470899,Deb.Gunderson@EssentiaHealth.org,,,,  ,,,Ryan,Hill,CFO,2188470852,NULL,2188477674,Ryan.hill@essentiahealth.org,1027 Washington Ave,,Detroit Lakes,  ,,
90,1033153895,Essentia Health - Duluth,DULUTH,502 E. Second Street  ,,,ST. LOUIS,MN,55805,1984,2187864000,2187868406,Steven,Jorgensen,Chief Operating Officer,Steven.Jorgensen@EssentiaHealth.org,Kevin Boren,Anthony,Hoffarth,Accounting Analyst,2187861429,NULL,2187868406,Anthony.Hoffarth@essentiahealth.org,"532 E 1st St, ",,Duluth,MN,55805,1984,ST. LOUIS,www.essentiahealth.org,Essentia Health,Owned,0,0,Rachel,Plesha,Manager of Financial Reporting,2187861432,NULL,2187868406,Rachel.Plesha@EssentiaHealth.org ,"532 E. First Street, ",,Duluth,MN,55805,,,,,,,,,,,,,,,Laura,Carlson,Accounting Analyst II,2187861703,NULL,2187868406,Laura.Carlson@EssentiaHealth.org ,"532 E. First Street, ",,Duluth,MN,55805,
143,1801835970,St. Luke's Hospital,DULUTH,915 East 1st Street  ,,,ST. LOUIS,MN,55805,2107,2182495555,2182492472,John,Strange,President/CEO,john.strange@slhduluth.com,Eric Lohn,Nathan J.,Cavallin,Accountant,2182496922,NULL,2182492472,nathan.cavallin@slhduluth.com,"915 E 1ST ST, , ",,Duluth,MN,55805,2193,ST. LOUIS,www.slhduluth.com,"St. Luke's Hospital, Duluth",Managed,0,Nicholas Van Deelen,Chris,Johnson,Controller,2182495486,NULL,2182492472,chris.johnson@slhduluth.com,"915 E 1ST ST, , ",,Duluth,MN,55805,2193,Debra,Carl-Medlin,Accounting Manager,2182492973,NULL,2182492472,debra.carl@slhduluth.com,"915 E 1ST ST, , ",,Duluth,MN,55805,2193,Nathan J.,Cavallin,Accountant,2182496922,NULL,2182492472,nathan.cavallin@slhduluth.com,"915 E 1ST ST, , ",,Duluth,MN,55805,2193
148,1457393035,St. Mary's Medical Center,DULUTH,407 East Third Street  ,,,ST. LOUIS,MN,55805,1984,2187864000,2187868406,Steven,Jorgensen,Chief Operating Officer,Steven.Jorgensen@Essentiahealth.org,Kevin Boren,Deanna,Kolanczyk,Accounting Analyst,2187861402,NULL,2187868406,Deanna.Kolanczyk@essentiahealth.org,"532 E. First Street, ",,Duluth,MN,55805,1984, ,www.essentiahealth.org,Essentia Health,Owned,0,Dr. Nick Itzin,Anthony,Hoffarth,Accounting Analyst,2187861429,NULL,2187868406,Anthony.Hoffarth@essentiahealth.org,"532 E 1st St, ",,Duluth,MN,55805,1984,,,,,,,,,,,,,,Laura,Carlson,Accounting Analyst II,2187861703,NULL,2187868406,Laura.Carlson@EssentiaHealth.org ,"532 E. First Street, ",,Duluth,MN,55805,
44,1699752915,Fairview Southdale Hospital,EDINA,6401 France Avenue South    ,,,HENNEPIN,MN,55435,2104,9529245000,9529245382,Bradley,Beard,President,bbeard1@fairview.org,Dan Fromm,Diane Del,Santro,Sr. Govt Analyst II,6126724660,NULL,6126726986,ddelsan1@fairview.org,"400 Stinson Blvd. NE, , , , , ",,Minneapolis,MN,55413,----,Hennepin,www.fairview.org,Fairview Health Services,Owned,0,"Michael Rock, M.D.",Deborah,Mayland-Poyzer,Director of Government Reimbursement,6126727067,NULL,6126726986,dmaylan1@fairview.org,400 Stinson Blvd NE,,Minneapolis,MN,55413,2613,Tim,Fried,Government Reimbursement Supervisor,6126726736,NULL,6126726986,tfried1@fairview.org,400 Stinson Blvd NE,,Minneapolis,MN,55413,2613,James,Eckman,Sr Financial Analyst II,6126724668,NULL,6126721240,jeckman3@fairview.org,400 Stinson Blvd NE,,Minneapolis,MN,55413,2613
54,1407838329,Prairie Ridge Hospital & Health Services,ELBOW LAKE,1411 HIGHWAY 79 E ,,,GRANT,MN,56531,,2186857300,2186857296,Lawrence,Blue,CEO,lblue@prairiehealth.org,Loraine Martineau,Sara,Lau,Reimbursement Associate,7014768721,NULL,7012398600,slau@eidebailly.com,"4310 17th Ave S, , ",,Fargo,ND,58104,2545,Cass,www.prairiehealth.org,Lake Region Healthcare - Fergus Falls,Managed,1,Dr. David Bjork,Loraine,Martineau,Controller,2186857343,NULL,2186857296,lmartineau@prairiehealth.org,"1411 HIGHWAY 79 E, ",,Elbow Lake,MN,56531,----,,,,,,,,,,,,,,Loraine,Martineau,Controller,2186857343,NULL,2186857296,lmartineau@prairiehealth.org,"1411 HIGHWAY 79 E, ",,Elbow Lake,MN,56531,----
37,1770542904,Ely-Bloomenson Community Hospital,ELY,328 West Conan Street     ,,,ST. LOUIS,MN,55731,1145,2183653271,2183658777,John,Fossum,Chief Executive Officer/Admini,jfossum@ebch.org,Scott Kellerman,Judi,Kellerman,Asst. Finance Officer,2183658776,NULL,2183658777,jkellerman@ebch.org,"328 West Conan Street, , , , , ",,Ely,MN,55731,----,,www.ebch.org,No Affiliation,,1,"Rice, Sam P MD",Judi,Kellerman,Asst. Finance Officer,2183658776,NULL,2183658777,jkellerman@ebch.org,"328 West Conan Street, , , , , ",,Ely,MN,55731,----,,,,,,,,,,,,,,Judi,Kellerman,Asst. Finance Officer,2183658776,NULL,2183658777,jkellerman@ebch.org,"328 West Conan Street, , , , , ",,Ely,MN,55731,----
39,1821066499,Mayo Clinic Health System - Fairmont,FAIRMONT,800 Medical Center Drive     ,,,MARTIN,MN,56031,,5072388100,5072388686,Robert F.,Bartingale,Site Administrator,bartingale.robert@mayo.edu,James Tarasovitch,Beau,Hultquist,Regulatory & Reimbursement Analyst,5073047197,NULL,5073854874,hultquist.beau@mayo.edu,1025 Marsh St,PO Box 8673,Mankato,MN,56001,,Blue Earth,www.mayoclinichealthsystem.org,Mayo Clinic,Owned,0,Dr. Brian Bartlett,Amy,Gerken,Senior Financial Analyst,5072388114,NULL,5072388686,gerken.amy@mayo.edu,"800 Medical Center Drive, PO Box 800, PO Box 800",PO Box 800,Fairmont,MN,56031,----,,,,,,,,,,,,,,Beau,Hultquist,Regulatory & Reimbursement Analyst,5073047197,NULL,5073854874,hultquist.beau@mayo.edu,1025 Marsh St,PO Box 8673,Mankato,MN,56001,
117,1154741577,District One Hospital,FARIBAULT,200 State Avenue     ,,,RICE,MN,55021,6398,5073326451,5073324851,Stephen J.,Pribyl,CEO,Stephen.Pribyl@allina.com,Rick Miller,Linda,Thompson,Senior Reimbursement Analyst,6122624735,NULL,6122624735,linda.thompson@allina.com,MR 10809 P.O.Box 43,,Minneapolis,MN,55440,43,Hennepin,www.allinahealth.org/District-One-Hospital,Allina Hospitals and Clinics,Owned,0,"Katie Vogt, MD",Becky,Krenik,Reimbursement Manager,6122624720,NULL,6122624720,becky.krenik@allina.com,MR 10809 P.O.Box 43,,Minneapolis,MN,55440,43,Trisha,Schirmers,Reimbursement Director,6122624719,NULL,6122624719,trisha.schirmers@allina.com,MR 10809 P.O.Box 43,Mail Route 10809,Minneapolis,MN,55440,43,Linda,Thompson,Senior Reimbursement Analyst,6122624735,NULL,6122624735,linda.thompson@allina.com,MR 10809 P.O.Box 43,,Minneapolis,MN,55440,43
71,1093713372,Lake Region Healthcare Corporation,FERGUS FALLS,712 South Cascade ,,,OTTER TAIL,MN,56537,,2187368000,2187368723,Larry,Schulz,Chief Executive Officer,lschulz@lrhc.org,Brett Longtin,Mariah,Davenport,Controller,2187368421,NULL,2187368740,mjdavenport@lrhc.org,,,Fergus Falls,MN,,,,www.lrhc.org,No Affiliation,,0,Dr. Lonnie Berger,Brett,Longtin,CFO,2187368386,NULL,2187368740,bllongtin@lrhc.org,,,Fergus Falls,MN,,,,,,,,,,,,,,,,Mariah,Davenport,Controller,2187368421,NULL,2187368740,mjdavenport@lrhc.org,,,Fergus Falls,MN,,
250,1962583039,Community Behavioral Health Hospital - Fergus Falls,FERGUS FALLS,1801 West Aicott Avenue  ,,,OTTER TAIL,MN,56538,47,2183325001,2187391329,Nancy,Johnston,Executive Director,nancy.a.johnston@state.mn.us,Shirley Jacobson,Lori,Zook,CFO,5079347689,NULL,5079347651,lzook@rehc.org,1900 N Sunrise Dr,,St. Peter,MN,56082,1327,,shirley.jacobson@state.mn.us,"Dept of Human Services, State of MN",Owned,0,0,,,,,,,,,,,,,,,,,,,,,,,,,,,,,,,,,,,,,,,
46,1497850119,Essentia Health - Fosston,FOSSTON,900 Hilligoss Blvd SE    ,,,POLK,MN,56542,1599,2184351133,2184351134,Kevin,Gish,Chief Executive Officer,Kevin.Gish@essentiahealth.org,Kim Bodensteiner,Mavis,Haugom,Accountant,2184357637,NULL,2184351134,Mavis.Haugom@essentiahealth.org,"900 Hilligoss Blvd SE, , , , ",,Fosston,MN,56542,1599,,www.essentiahealth.org,Essentia Health,Owned,1,Dr. Darren Swanson,Kim,Bodensteiner,CFO,2184357633,NULL,2184351134,Kim.Bodensteiner@essentiahealth.org,"900 Hilligoss Blvd SE, ",,Fosston,MN,56542,1599,,,,,,,,,,,,,,Kim,Bodensteiner,CFO,2184357633,NULL,2184351134,Kim.Bodensteiner@essentiahealth.org,"900 Hilligoss Blvd SE, ",,Fosston,MN,56542,1599
164,1083672950,Unity Hospital,FRIDLEY,550 Osborne Road NE    ,,,ANOKA,MN,55432,2718,7632365000,7632368124,Helen,Strike,President Unity,helen.strike@allina.com,Gerald Pietz,Sybil,Ona,Sr. Reimbursement Analyst,6122624730,NULL,6122624730,sybil.ona@allina.com,"P.O. Box 43, Mail Route 10809",,Minneapolis,MN,55440,43,Hennepin,www.allinahealth.org/Unity-Hospital,Allina Hospitals and Clinics,Owned,0,Dr. David Romans,Trisha,Schirmers,Reimbursement Director,6122624719,NULL,6122624719,trisha.schirmers@allina.com,MR 10809 P.O.Box 43,Mail Route 10809,Minneapolis,MN,55440,43,Roger,Newcome,Manager of Reimbursement,6122624721,NULL,6122624721,Roger.Newcome@allina.com,"P.O. Box 43, Mail Route 10809, ",,Minneapolis,MN,55440,43,Sybil,Ona,Sr. Reimbursement Analyst,6122624730,NULL,6122624730,sybil.ona@allina.com,"P.O. Box 43, Mail Route 10809",,Minneapolis,MN,55440,43
51,1508885633,Glencoe Regional Health Services,GLENCOE,1805 Hennepin Avenue N      ,,,MCLEOD,MN,55336,1416,3208643121,3208647887,Jon D.,Braband,President/CEO,jon.braband@grhsonline.org,John Doidge,Angela,Erickson,Accounting Director,3208647797,NULL,3208647887,angela.erickson@grhsonline.org,"1805 Hennepin Ave. N., , , ,, , ",,Glencoe,MN,55336,1499,,www.grhsonline.com,Park Nicollet Health Services,Managed,1,"Mitchell N. Palmer, M.D.",John,Doidge,Vice President of Finance,3208647753,NULL,3208647887,john.doidge@grhsonline.org,"1805 Hennepin Ave. N., , , ,, , ",,Glencoe,MN,55336,1499,,,,,,,,,,,,,,John,Doidge,Vice President of Finance,3208647753,NULL,3208647887,john.doidge@grhsonline.org,"1805 Hennepin Ave. N., , , ,, , ",,Glencoe,MN,55336,1499
50,1538178520,Glacial Ridge Health System,GLENWOOD,10 4th Ave. SE,,,POPE,MN,56334,1820,3206344521,3206342269,Kirk,Stensrud,Administrator and CEO,kirk.stensrud@glacialridge.org,Kyle Chase,Sue,Ankeny,"Director, Health Care & Reimb",5075264428,NULL,5075263326,sue.ankeny@rsmus.com,"605 N Hood St, , ",,Blue Earth,MN,56013,,Faribault,www.glacialridge.org,No Affiliation,,1,"Duane Westburg, MD",,,,,,,,,,,,,,,,,,,,,,,,,,,Kyle,Chase,CFO,3206342206,NULL,3206342269,kyle.chase@glacialridge.org,"10 4th Ave. SE, PO Box 160",PO Box 160,Glenwood,MN,56334,1820
183,1770585382,Regency Hospital of Minneapolis,GOLDEN VALLEY,1300 Hidden Lakes Parkway      ,,,HENNEPIN,MN,55422,4286,7635882750,7635213805,Matt,Cannon,CEO,mcannon@selectmedical.com,Martin Jackson,Wade,Snyder,Reimbursement Director,7179721341,NULL,NULL,wsnyder@selectmedical.com,"4714 Gettysburg Road, , ",,Mechanicsburg,PA,17055,,Cumberland,www.selectmedical.com,Select Medical Corporation,Owned,0,No ER Department,,,,,,,,,,,,,,,,,,,,,,,,,,,Matt,Cannon,CEO,7635882750,NULL,7635213805,MarESmith@selectmedical.com,,,Golden Valley,MN,,
61,1982673620,Essentia Health - Graceville,GRACEVILLE,115 West 2nd Street  ,,,BIG STONE,MN,56240,1,3207487223,3207487225,Julie,Rosenberg,Administrator,julie.rosenberg@essentiahealth.org,Kim Bodensteiner,Dan,Larsen,Principal,5074347055,NULL,5074378997,dan.larsen@claconnect.com,"109 North Main St, , ",,Austin,MN,55912,,Mower,www.gracevillehealth.com,Essentia Health,Owned,1,"Jay Schmidt, MD",Kim,Bodensteiner,CFO,2184357633,NULL,2184351134,Kim.Bodensteiner@essentiahealth.org,"900 Hilligoss Blvd SE, ",,Fosston,MN,56542,1599,Amanda,Groebner,Controller,3207488237,NULL,NULL,amanda.groebner@essentiahealth.org,115 West 2nd Street,,Graceville,MN,56240,,Kim,Bodensteiner,CFO,2184357633,NULL,2184351134,Kim.Bodensteiner@essentiahealth.org,"900 Hilligoss Blvd SE, ",,Fosston,MN,56542,1599
30,1487712493,North Shore Health,GRAND MARAIS,515 - 5TH AVENUE WEST    ,,,COOK,MN,55604,3017,2183873040,2183873289,Kimber,Wraalstad,Administrator,kimber.wraalstad@northshorehealthgm.org,Vera Schumann,Vera,Schumann,Director of Finance,2183873266,NULL,2183873289,vera.schumann@northshorehealthgm.org,,,,  ,,,,www.nshorehospital.com,No Affiliation,,1,"Nancy Rova, MD",Kelly,Swearingen,Accountant,2183873277,NULL,2183873289,kelly.swearingen@northshorehealthgm.org,,,,  ,,,,,,,,,,,,,,,,Vera,Schumann,Director of Finance,2183873266,NULL,2183873289,vera.schumann@northshorehealthgm.org,,,,  ,,
64,1669426631,Grand Itasca Clinic and Hospital,GRAND RAPIDS,1601 Golf Course Road   ,,,ITASCA,MN,55744,3698,2183263401,2183267743,Michael,Youso,President & CEO,mike.youso@granditasca.org,N/A,Michael,Youso,Chief Executive Officer,2189991449,NULL,2189991461,Mike.Youso@granditasca.org,"1601 Golf Course Rd, ",,Grand Rapids,MN,55744,3698,Itasca,www.granditasca.org,No Affiliation,,0,"Dr. Paul Palecek, M.D.",Corey,Smith,Interim Controller,2189991703,NULL,2189991697,corey.smith@granditasca.org,111 SE Third Street,,Grand Rapids,MN,55744,,,,,,,,,,,,,,,Corey,Smith,Interim Controller,2189991703,NULL,2189991697,corey.smith@granditasca.org,111 SE Third Street,,Grand Rapids,MN,55744,
53,1780654962,Granite Falls Municipal Hospital & Manor,GRANITE FALLS,345 Tenth Avenue    ,,,YELLOW MEDICINE,MN,56241,1442,3205643111,3205642329,Tom,Kooiman,CEO,tom.kooiman@granitefallshealthcare.com,Val Hoffman,Val,Hoffman,CFO,3205646204,NULL,3205642329,val.hoffman@granitefallshealthcare.com,"345 Tenth Avenue, , , , , ",,Granite Falls,MN,56241,1499,,granitefallshealthcare.com,No Affiliation,,1,"Arthur Rillo, MD",,,,,,,,,,,,,,,,,,,,,,,,,,,Val,Hoffman,CFO,3205646204,NULL,3205642329,val.hoffman@granitefallshealthcare.com,"345 Tenth Avenue, , , , , ",,Granite Falls,MN,56241,1499
69,1669403846,Kittson Memorial Healthcare Center,HALLOCK,1010 South Birch Avenue     ,,,KITTSON,MN,56728,4208,2188433612,2188432311,Cindy,Urbaniak,CEO,cindy.urbaniak@kmhc.net,Elizabeth LaPlant,Darryn,McGarvey,Principal,6123764624,NULL,6123764850,darryn.mcgarvey@CLAconnect.com,"220 South 6th Street Ste 300, , , ",,Minneapolis,MN,55402,1436,Hennepin,www.hallockmn.org/healthcare,No Affiliation,,1,Dr. Thomas Lohstreter,Kayla,Disch,Senior,6123764514,NULL,6123764850,kayla.disch@claconnect.com,"220 South 6th Street Ste 300, ,, ",,Minneapolis,MN,55402,1436,Elizabeth,LaPlant,CFO,2188433802,NULL,2188432311,liz.laplant@kmhc.net,"1010 S Birch Ave, , ",,Hallock,MN,56728,4208,Elizabeth,LaPlant,CFO,2188433802,NULL,2188432311,liz.laplant@kmhc.net,"1010 S Birch Ave, , ",,Hallock,MN,56728,4208
115,1841627387,Regina Hospital,HASTINGS,1175 Nininger Road     ,,,DAKOTA,MN,55033,1056,6514041000,6514041240,Thomas,Thompson,President,thomas.thompson@allina.com,Karen Gustafson- Interim CFO,Linda,Thompson,Senior Reimbursement Analyst,6122624735,NULL,6122624735,linda.thompson@allina.com,MR 10809 P.O.Box 43,,Minneapolis,MN,55440,43,Hennepin,http://www.allinahealth.org/Regina-Hospital/,Allina Hospitals and Clinics,Owned,0,Dr. Rudy Alvey,Becky,Krenik,Reimbursement Manager,6122624720,NULL,6122624720,becky.krenik@allina.com,MR 10809 P.O.Box 43,,Minneapolis,MN,55440,43,Trisha,Schirmers,Reimbursement Director,6122624719,NULL,6122624719,trisha.schirmers@allina.com,MR 10809 P.O.Box 43,Mail Route 10809,Minneapolis,MN,55440,43,Linda,Thompson,Senior Reimbursement Analyst,6122624735,NULL,6122624735,linda.thompson@allina.com,MR 10809 P.O.Box 43,,Minneapolis,MN,55440,43
58,1316026370,Hendricks Community Hospital Association,HENDRICKS,503 East Lincoln Street  ,,,LINCOLN,MN,56136,10,5072753134,5072753104,Jeff,Gollaher,Administrator,jeff.gollaher@hendricksosp.org,"Julie Hogie, Business Office Manager",Julie,Hogie,Business Office Manager,5072753134,205,5072752242,Julie.Hogie@hendrickshosp.org,,,,  ,,,,www.hendrickshosp.org,No Affiliation,,1,"Tabb McCluskey, DO",Jeff,Gollaher,CEO,5072753134,NULL,5072752242,Jeff.Gollaher@hendrickshosp.org,,,,  ,,,,,,,,,,,,,,,,Julie,Hogie,Business Office Manager,5072753134,205,5072752242,Julie.Hogie@hendrickshosp.org,,,,  ,,
85,1356321699,Fairview University Medical Center - Mesabi,HIBBING,750 East 34th Street    ,,,ST. LOUIS,MN,55746,2341,2182624881,2183626619,Deb,Boardman,Chief Operating Officer,dboardm1@range.fairview.org,Tom Fink,Kevin,Steichen,Sr. Govt. Reimbursement Analyst,6126726870,NULL,6126726986,ksteich1@fairview.org,"400 Stinson Blvd NE  3rd floor, , ",,Minneapolis,MN,55413,2613,Hennepin,0,Fairview Health Services,Owned,0,Dr. Julie Houle,Lisa,Schneider,Accountant,2183626265,NULL,2183626775,lschnei1@range.fairview.org,"750 East 34th Street, , ",,Hibbing,MN,55746,,,,,,,,,,,,,,,James,Eckman,Sr Financial Analyst II,6126724668,NULL,6126721240,jeckman3@fairview.org,400 Stinson Blvd NE,,Minneapolis,MN,55413,2613
62,1053508820,Hutchinson Health,HUTCHINSON,1095 Highway 15 South     ,,,MCLEOD,MN,55350,5000,3202345000,3204844688,Steven,Mulder,CEO,Smulder@hutchhealth.com,Pam Larson,Pam,Larson,CFO,3204844472,NULL,3204844688,plarson@HutchHealth.com,"1095 Highway 15 South, , , , ",,Hutchinson,MN,55350,3500,,"www,hutchhealth.com",Allina Hospitals and Clinics,Managed,0, Dr. Davis Sand,Colleen,Nelson,Financial Systems Analyst,3202345000,-7098,NULL,cnelson@hutchhealth.com,"1095 Highway 15 South,, , , ",,Hutchinson,MN,55350,3500,Linda,Hoof,Controller,3204844471,NULL,3204844651,LHoof@hutchhealth.com,"1095 Highway 15 South, , , , ",,Hutchinson,MN,55350,3500,Linda,Hoof,Controller,3204844471,NULL,3204844651,LHoof@hutchhealth.com,"1095 Highway 15 South, , , , ",,Hutchinson,MN,55350,3500
45,1528041183,Rainy Lake Medical Center,INTERNATIONAL FALLS,1400 Highway 71    ,,,KOOCHICHING,MN,56649,2154,2182834481,2182832281,Bonnie,Erickson,CEO,berickson@rainylakemedical.com,Melissa Marcotte,Lisa,Everson,Accounting Assistant,2182835475,NULL,2182832281,leverson@rainylakemedical.com,"1400 HWY 71, , , , , ",,International Falls,MN,56649,2154,Koochiching,www.rainylakemedical.com,No Affiliation,,1,"Fahd Arafat, MD",Melissa,Marcotte,CFO,2182835431,NULL,2182832281,mmarcotte@rainylakemedical.com,"1400 HWY 71, , , , , ",,International Falls,MN,56649,2154,,,,,,,,,,,,,,Lisa,Everson,Accounting Assistant,2182835475,NULL,2182832281,leverson@rainylakemedical.com,"1400 HWY 71, , , , , ",,International Falls,MN,56649,2154
65,1326069097,Sanford Jackson Medical Center,JACKSON,1430 North Highway      ,,,JACKSON,MN,56143,1093,5078472420,5078473728,Mary,Ruyter,CEO,mary.ruyter@sanfordhealth.org,Gail Eike,Jill,Sigelman,Reimbursement Director,6123764528,NULL,6123764850,jill.sigelman@claconnect.com,"220 S. 6th Street, Suite 300, ",,Minneapolis,MN,55402,,Hennepin,www.sanfordjackson.org,Sanford Health,Owned,1,"Marie Paul Hart, MD",Gail,Eike,Director of Fiscal Services,5078472420,NULL,5078473728,Gail.Eike@SanfordHealth.org,,,,MN,,,,,,,,,,,,,,,,Gail,Eike,Director of Fiscal Services,5078472420,NULL,5078473728,Gail.Eike@SanfordHealth.org,,,,MN,,
70,1538113022,Mayo Clinic Health System - Lake City,LAKE CITY,500 West Grant Street     ,,,GOODHUE,MN,55041,1143,6513453321,6513451182,Trevor,Coons,Operations Manager,coons.trevor@mayo.edu,James Tarasovitch,Linda,Plotz,Regulatory/Reimbursement Manager,5072664851,NULL,5072840986,plotz.linda@mayo.edu,"200 1st St SW, , , , ",,Rochester,MN,55905,----,Olmsted,http://mayoclinichealthsystem.org/locations/lake-city,Mayo Clinic,Owned,1,"Steven C. Adamson, MD",,,,,,,,,,,,,,,,,,,,,,,,,,,,,,,,,,,,,,,
92,1730248907,Minnesota Valley Health Center,LE SUEUR,621 South Fourth Street  ,,,LE SUEUR,MN,56058,2298,5076653375,5076652191,Pamela,Williams,CEO,pwilliams@mvhc.org,Patricia Schlegel,Patricia,Schlegel,CFO,5076658683,NULL,5076652191,pschlegel@mvhc.org,"621 South Fourth Street, , ",,Le Sueur,MN,56058,2298,,www.mvhc.org,Essentia Health,Owned,1,"Karen Krenzke, MD",,,,,,,,,,,,,,,,,,,,,,,,,,,Patricia,Schlegel,CFO,5076658683,NULL,5076652191,pschlegel@mvhc.org,"621 South Fourth Street, , ",,Le Sueur,MN,56058,2298
80,1598860215,Meeker Memorial Hospital,LITCHFIELD,612 South Sibley Avenue    ,,,MEEKER,MN,55355,3340,3206933242,3206934567,Kyle,Rasmussen,CEO,krasmussen@meekermemorial.org,Steve Plaisance,Sue,Ankeny,"Director, Health Care & Reimb",5075264428,NULL,5075263326,sue.ankeny@rsmus.com,"605 N Hood St, , ",,Blue Earth,MN,56013,,Faribault,www.mcmh-litchfield.org,No Affiliation,,1,"David M Ross, MD",Stephen,Plaisance,CFO,3206934512,NULL,3206934567,splaisance@meekermemorial.com,,,,MN,,,,,,,,,,,,,,,,Stephen,Plaisance,CFO,3206934512,NULL,3206934567,splaisance@meekermemorial.com,,,,MN,,
136,1780630939,St. Gabriel's Hospital,LITTLE FALLS,815 2nd Street Southeast    ,,,MORRISON,MN,56345,3505,3206325441,3206315680,Lee,Boyles,CEO,leeboyles@catholichealth.net,Steve Smith,Vicki,Maleski,Accountant,3206315674,NULL,3206315681,vickimaleski@catholichealth.net,"815 2nd Street SE, , , , ",,LITTLE FALLS,MN,56345,3596,,stgabriels.com,Catholic Health Initiatives,Owned,1,Dr. Liqat Sabir,,,,,,,,,,,,,,,,,,,,,,,,,,,Vicki,Maleski,Accountant,3206315674,NULL,3206315681,vickimaleski@catholichealth.net,"815 2nd Street SE, , , , ",,LITTLE FALLS,MN,56345,3596
76,1164471678,CentraCare Health System - Long Prairie,LONG PRAIRIE,20 Ninth Street Southeast  ,,,TODD,MN,56347,1404,3207322141,3207323802,Daniel,Swenson,Administrator,swensond@centracare.com,Larry Knutson,Larry,Knutson,Finance Director,3207327240,NULL,3207323802,knutsonl@centracare.com,"20 Ninth Street Southeast, , ",,Long Prairie,MN,56347,--,,www.centracare.com,CentraCare Health System,Owned,1,"Dr. Rene Eldidy, Jr.",,,,,,,,,,,,,,,,,,,,,,,,,,,Larry,Knutson,Finance Director,3207327240,NULL,3207323802,knutsonl@centracare.com,"20 Ninth Street Southeast, , ",,Long Prairie,MN,56347,--
21,1497703045,Sanford Hospital Luverne,LUVERNE,1600 North Kniss Avenue      ,,,ROCK,MN,56156,1067,5072832321,5072832091,Tammy,Loosbrock,Chief Executive Officer,tammy.loosbrock@sanfordhealth.org,Stan Knobloch,Jill,Sigelman,Reimbursement Director,6123764528,NULL,6123764850,jill.sigelman@claconnect.com,"220 S. 6th Street, Suite 300, ",,Minneapolis,MN,55402,,Hennepin,www.sanfordluverne.org,Sanford Health,Owned,1,"Dianne Kennedy, MD",Stan,Knobloch,CFO,5074491252,NULL,5072832091,stan.knobloch@sanfordhealth.org,,,,MN,,,,,,,,,,,,,,,,Stan,Knobloch,CFO,5074491252,NULL,5072832091,stan.knobloch@sanfordhealth.org,,,,MN,,
77,1912999137,"Madelia Community Hospital, Inc.",MADELIA,121 Drew Avenue Southeast   ,,,WATONWAN,MN,56062,1841,5076423255,5016428516,Candace,Fenske,Administrator,candacefen@mchospital.org,Donna Klinkner,Daniel,Larsen,Principal,5074347055,NULL,5074378997,dan.larsen@claconnect.com,"109 North Main Street, ",,Austin,MN,55912,,Mower,www.mchospital.org,No Affiliation,,1,"Owadini Bandara, MD",,,,,,,,,,,,,,,,,,,,,,,,,,,Donna,Klinkner,CFO,5706423255,NULL,5076428516,donnakli@mchospital.org,,,,MN,,
78,1942246848,Madison Hospital,MADISON,900 Second Avenue     ,,,LAC QUI PARLE,MN,56256,1006,3205987551,3205983923,Erik,Bjerke,CEO,ebjerke@mlhmn.org,Carol Borgerson,Carol,Borgerson,CFO,3205987536,NULL,3205983923,cborgerson@mlhmn.org,"900 2ND AVE, , , , , ",,Madison,MN,56256,1006,Lac Qui Parle,www.mlhmn.org,No Affiliation,,1,Dr. Brant Hacker,Erik,Bjerke,CEO,3205987536,NULL,3205983923,ebjerke@mlhmn.org,"900 2ND AVE, ,, , , ",,Madison,MN,56256,1006,,,,,,,,,,,,,,Carol,Borgerson,CFO,3205987536,NULL,3205983923,cborgerson@mlhmn.org,"900 2ND AVE, , , , , ",,Madison,MN,56256,1006
79,1942233234,Mahnomen Health Center,MAHNOMEN,414 West Jefferson    ,,,MAHNOMEN,MN,56557,4912,2189352511,2189352370,Dale,Kruger,Administrator,Dale.Kruger@SanfordHealth.org,Lori Guenther,Korey,Boelter,Principal,6123764549,NULL,6123764850,korey.boelter@claconnect.com,"220 South Sixth Street, Suite 300, ",,Minneapolis,MN,55402,,Hennepin,www.mahnomenhealthcenter.com,Sanford Health,Managed,1,"Andrew Gasparini, MD ",Dale,Kruger,CEO,NULL,NULL,NULL,Dale.Kruger@sanfordhealth.org,"414 W Jefferson Ave, , , , ",,Mahnomen,MN,56557,4912,Lori,Guenther,CFO,NULL,NULL,NULL,Lori.Guenther@mahnomenhealthcenter.com,"414 W Jefferson Ave, , , , ",,Mahnomen,MN,56557,4912,,,,,,,,,,,,,
63,1154302487,Mayo Clinic Health System - Mankato,MANKATO,1025 Marsh Street  ,,,BLUE EARTH,MN,56001,,5076254031,5073452926,Gregory R.,"Kutcher, M.d.",President & CEO,kutcher.gregory@mayo.edu,James J. Tarasovitch,Beau,Hultquist,Regulatory & Reimbursement Analyst,5073047197,NULL,5073854874,hultquist.beau@mayo.edu,1025 Marsh St,PO Box 8673,Mankato,MN,56001,,Blue Earth,www.mayohealthsystem.org,Mayo Clinic,Owned,0,Brian Bartlett,Ryan,Ashland,Director - Finance,5073852680,NULL,5073854874,ashland.ryan@mayo.edu,1025 Marsh St,PO Box 8673,Mankato,MN,56002,8673,,,,,,,,,,,,,,Ryan,Ashland,Director - Finance,5073852680,NULL,5073854874,ashland.ryan@mayo.edu,1025 Marsh St,PO Box 8673,Mankato,MN,56002,8673
191,1225272552,Maple Grove Hospital,MAPLE GROVE,9875 Hospital Drive     ,,,HENNEPIN,MN,55369,,7635811000,7635811555,Dr. Kevin,Croston,Chief Executive Officer,kevin.croston@northmemorial.com,Aaron Bloomquist,Crystal,Sele,Consultant,9524576042,NULL,3203104397,csele@gregbrockconsulting.com,"5585 Odean Ave NE, ",,St. Michael,MN,55376,,,www.maplegrovehospital.com,North Memorial Health Care,Owned,0,"Jeffrey Elder, MD",Jill,Ross,Controller,7635814635,NULL,7635814561,jill.ross@northmemorial.com,"3300 Oakdale Ave North, , , ",,Robbinsdale,MN,55422,---,,,,,,,,,,,,,,Crystal,Sele,Consultant,9524576042,NULL,3203104397,csele@gregbrockconsulting.com,"5585 Odean Ave NE, ",,St. Michael,MN,55376,
257,1215182928,PrairieCare,MAPLE GROVE,12915 63rd Ave N   ,,,HENNEPIN,MN,55369,,7633835800,7633835801,Joel,"Oberstar, Md",CEO,joberstar@prairie-care.com,Randy Drager,Randy,Drager,CFO,7637626809,NULL,7633154669,rdrager@prairie-care.com,9400 Zane Ave,,Brooklyn Park,MN,55443,,Hennepin,www.prairie-care.com,No Affiliation,,0,"Joel Oberstar, MD",,,,,,,,,,,,,,,,,,,,,,,,,,,Randy,Drager,CFO,7637626809,NULL,7633154669,rdrager@prairie-care.com,9400 Zane Ave,,Brooklyn Park,MN,55443,
180,1447218482,St. John's Hospital,MAPLEWOOD,1575 Beam Avenue      ,,,RAMSEY,MN,55109,1126,6512327000,6512323601,Cathy,Barr,Hospital COO,cbarr@healtheast.org,Doug Davenport,Kris,Janzen,Senior Accountant,6512322913,NULL,6512326444,kjanzen@healtheast.org,"1700 UNIVERSITY AVE MIDWAY CORP, , , , , , ",,St. Paul,MN,55104,----,RAMSEY,www.healtheast.org,HealthEast Care System,Owned,0,Dr. Bradley Barth,,,,,,,,,,,,,,,,,,,,,,,,,,,Julius,Nammeh,Fixed Asset/Lease Coordinator,6512320138,NULL,NULL,jnnammeh@healtheast.org,"1700 University Ave , ",,St. Paul,MN,55104,----
172,1568401016,Avera Marshall Regional Medical Center,MARSHALL,300 South Bruce Street  ,,,LYON,MN,56258,1934,5075329661,5075379053,Mary,Maertens,CEO/President,mary.maertens@avera.org,Sharon Williams,John,Peyerl,Finance Controller,5075379159,NULL,5075372743,john.peyerl@avera.org,300 South Bruce Street,,Marshall,MN,56258,1934,,averamarshall.org,Avera Health,Owned,1,Dr Timothy Hindbjorgen,Sharon,Williams,Vice President of Finance and Information Services,5075379150,NULL,NULL,sharon.williams@avera.org,300 South Bruce Street,,Marshall,MN,56258,,,,,,,,,,,,,,,John,Peyerl,Finance Controller,5075379159,NULL,5075372743,john.peyerl@avera.org,300 South Bruce Street,,Marshall,MN,56258,1934
81,1720045073,CentraCare Health - Melrose,MELROSE,525 Main Street West,,,STEARNS,MN,56352,1071,3202564231,3202564949,Gerald,Gilbertson,CEO,gilbertsong@centracare.com,Adam Paulson,Adam,Paulson,Director of Finance,3202561760,NULL,3202561814,paulsona@centracare.com,"11 North 5th Avenue West, , ",,Melrose,MN,56352,1098,Stearns,0,CentraCare Health System,Owned,1,Dr. Dante Beretta,Kari van der,Hagen,Government Reimbursement Accountant,3202512700,54553,3202555756,kari.vanderhagen@centracare.com,"1406 Sixth Ave North,",,St. Cloud,MN,56303,1901,Jodi,Sanders,Reimbursement Coordinator,3202512700,54697,3202555756,sandersj@centracare.com,"1406 6th Ave No,",,St. Cloud,MN,,,Lori,Eiynck,Planning Analyst,3202512700,NULL,3202294979,eiynckl@centracare.com,"11 N 5TH AVE W, , ",,Melrose,MN,55352,1098
2,1760446256,Abbott Northwestern Hospital,MINNEAPOLIS,800 East 28th Street    ,,,HENNEPIN,MN,55407,3723,6128634000,6128635667,Ben,Bache-Wiig,SVP President,Ben.Bache-Wiig@allina.com,Brian Weinreis,Jane,Zhang,Reimbursement Analyst,6122624727,NULL,6122624727,Jane.Zhang@allina.com,"PO Box 43, Mail Route 10809, , , ",,Minneapolis,MN,55440,-43,,http://www.allinahealth.org/Abbott-Northwestern-Hospital/,Allina Hospitals and Clinics,Owned,0,"Christopher Kapsner, MD",Trisha,Schirmers,Reimbursement Director,6122624719,NULL,6122624719,trisha.schirmers@allina.com,MR 10809 P.O.Box 43,Mail Route 10809,Minneapolis,MN,55440,43,Roger,Newcome,Manager of Reimbursement,6122624721,NULL,6122624721,Roger.Newcome@allina.com,"P.O. Box 43, Mail Route 10809, ",,Minneapolis,MN,55440,43,Jane,Zhang,Reimbursement Analyst,6122624727,NULL,6122624727,Jane.Zhang@allina.com,"PO Box 43, Mail Route 10809, , , ",,Minneapolis,MN,55440,-43
59,1407897309,Hennepin County Medical Center,MINNEAPOLIS,701 Park Avenue   ,,,HENNEPIN,MN,55415,1829,6788733000,6129044259,Jon L.,"Pryor, Md",Chief Executive Officer,Jon.Pryor@hcmed.org,Larry Kryzaniak,Marie,Davis,Reimbursement Manager,6128734759,NULL,6129044259,marie.davis@hcmed.org,"701 Park Avenue South, , ",,Minneapolis,MN,55415,1829,Hennepin,www.hcmc.org,No Affiliation,,0,"James Miner, MD",Jill,Nelson,Senior Reimbursement Analyst,6128733513,NULL,6129044259,Jill.Nelson@hcmed.org,,,,MN,,,,,,,,,,,,,,,,Pamela,Loehlein,Senior Accountant,6128734762,NULL,6129044759,pamela.loehlein@hcmed.org,,,,MN,,
91,1881793750,Children's Health Care dba Children's Hospitals and Clinics of Minnesota,MINNEAPOLIS,2525 Chicago Avenue South    ,,,HENNEPIN,MN,55404,4518,6128136100,9529926994,Robert,Bonar,Chief Executive Officer,bob.bonar@childrensmn.org,Todd Ostendorf,Stephanie,Kraemer,Senior Cost Report Accountant,9529925630,NULL,9529926994,stephanie.kraemer@childrensmn.org,5901 Lincoln Drive ,,Edina,MN,55436,,Hennepin,www.childrensmn.org,Children's Hospitals and Clinics,Owned,0,Dr. David Hirschman And Dr. Robert Sicoli,Janet,McCarthy,"Mgr, Reimbursement/Enrollment",9529925632,NULL,9529926994,janet.mccarthy@childrensmn.org,5901 Lincoln Drive ,,Edina,MN,55436,,Karen,Kofoot,Dir Revenue Cycle Management,9529925649,NULL,9529926994,karen.kofoot@childrensmn.org,5901 Lincoln Drive ,,Edina,MN,55436,,Andrew,Rosendahl,"Dir, Finance Planning/Analysis",9529925404,NULL,9529926994,andrew.rosendahl@childrensmn.org,5901 Lincoln Drive ,,Edina,MN,55436,
184,1457319527,Phillips Eye Institute,MINNEAPOLIS,2215 Park Avenue    ,,,HENNEPIN,MN,55404,3711,6127758800,6127759601,Daniel,Conrad,President,Daniel.Conrad@allina.com,Chris Verdon,Roger,Newcome,Manager of Reimbursement,6122624721,NULL,6122624721,Roger.Newcome@allina.com,"P.O. Box 43, Mail Route 10809, ",,Minneapolis,MN,55440,43,,http://www.allinahealth.org/Phillips-Eye-Institute/,Allina Hospitals and Clinics,Owned,0,N/A,Trisha,Schirmers,Reimbursement Director,6122624719,NULL,6122624719,trisha.schirmers@allina.com,MR 10809 P.O.Box 43,Mail Route 10809,Minneapolis,MN,55440,43,Roger,Newcome,Manager of Reimbursement,6122624721,NULL,6122624721,Roger.Newcome@allina.com,"P.O. Box 43, Mail Route 10809, ",,Minneapolis,MN,55440,43,Roger,Newcome,Manager of Reimbursement,6122624721,NULL,6122624721,Roger.Newcome@allina.com,"P.O. Box 43, Mail Route 10809, ",,Minneapolis,MN,55440,43
185,1013994359,University of Minnesota Medical Center - Fairview,MINNEAPOLIS,2450 Riverside Avenue ,,,HENNEPIN,MN,55454,1450,6126726000,6126724098,John,Doherty,Interim President,jdohert3@fairview.org,Daniel M. Fromm,Michael,Riley,Sr Government Reimbursement Analyst,6126726883,NULL,6126726986,mriley3@fairview.org,400 Stinson Blvd NE,,Minneapolis,MN,55413,2613,Hennepin,www.fairview.org,Fairview Health Services,Owned,0,"James Thompson, M.D.",Deborah,Mayland-Poyzer,Director of Government Reimbursement,6126727067,NULL,6126726986,dmaylan1@fairview.org,400 Stinson Blvd NE,,Minneapolis,MN,55413,2613,Tim,Fried,Government Reimbursement Supervisor,6126726736,NULL,6126726986,tfried1@fairview.org,400 Stinson Blvd NE,,Minneapolis,MN,55413,2613,James,Eckman,Sr Financial Analyst II,6126724668,NULL,6126721240,jeckman3@fairview.org,400 Stinson Blvd NE,,Minneapolis,MN,55413,2613
210,1871636522,Shriners Hospitals for Children,MINNEAPOLIS,2025 East River Parkway Twin Cities Unit    ,,,HENNEPIN,MN,55414,3604,6125966100,6123397634,Charles,Lobeck,Administrator,clobeck@shrinenet.org,Maggie Kendall,Sandy,Trocke,Accountant/Payroll,6125966117,NULL,6123397634,strocke@shrinenet.org,,,,  ,,,,www.shrinershospitals.org,Shriners Hospitals for Children,Owned,0,No Emergency Room ,Maggie,Kendall,Director of Finance,6125966244,NULL,NULL,mkendall@shrinenet.org,,,,  ,,,,,,,,,,,,,,,,,,,,,,,,,,,,
211,1073627931,Veterans Affairs Medical Center,MINNEAPOLIS,One Veterans Drive     ,,,HENNEPIN,MN,55417,2309,6127252000,6127252049,Kurt,Thielen,Acting Medical Center Director,Kurt.Thielen@va.gov,Leann Stomberg,Shivonne,Niemi,Data Analyst,6124675981,NULL,6127252049,Rahkia.Niemi@va.gov,"1 VETERANS DR, , , , , ",,Minneapolis,MN,55417,2309,Hennepin,http://www.minneapolis.va.gov/,U.S. Department of Veterans Affairs,Owned,0,Glennon Park,Donna,Carpenter,Secretary to the Director,6127252000,NULL,NULL,Donna.Carpenter@va.gov,,,,  ,,,,,,,,,,,,,,,,,,,,,,,,,,,,
17,1720086028,Chippewa County-Montevideo Hospital,MONTEVIDEO,824 N. 11th St.    ,,,CHIPPEWA,MN,56265,1629,3202698877,3202698186,Mark,Paulson,Administrator,markp@montevideomedical.com,Darlene Boike,Darlene,Boike,CFO,3203218153,NULL,3202698186,darleneb@montevideomedical.com,,,,  ,,,,www.montevideomedical.com,No Affiliation,,1,Dr. Bruce Arvold,Darlene,Boike,CFO,3203218153,NULL,3202698186,darleneb@montevideomedical.com,,,,  ,,,,,,,,,,,,,,,,Darlene,Boike,CFO,3203218153,NULL,3202698186,darleneb@montevideomedical.com,,,,  ,,
94,1427041052,CentraCare Health - Monticello,MONTICELLO,1013 Hart Boulevard  ,,,WRIGHT,MN,55362,8575,7632952945,7632712291,Mary Ellen,Wells,Administrator,maryellen.wells@centracare.com,Kris Hammer,Kari van der,Hagen,Government Reimbursement Accountant,3202512700,54553,3202555756,kari.vanderhagen@centracare.com,"1406 Sixth Ave North,",,St. Cloud,MN,56303,1901,Stearns,centracare.com,CentraCare Health System,Owned,1,Dr. Mark Bonneville,Jodi,Sanders,Reimbursement Coordinator,3202512700,54697,3202555756,sandersj@centracare.com,"1406 6th Ave No,",,St. Cloud,MN,,,Kris,Hammer,Finance Director,7632712303,NULL,7632712299,hammerk@centracare.com,"1013 Hart Boulevard, , , ",,MONTICELLO,MN,55362,8575,Kris,Hammer,Finance Director,7632712303,NULL,7632712299,hammerk@centracare.com,"1013 Hart Boulevard, , , ",,MONTICELLO,MN,55362,8575
83,1942398029,Mercy Hospital,MOOSE LAKE,4572 County Road 61 ,,,CARLTON,MN,55767,,2184854481,2184855654,Mike,Delfs,CEO,mdelfs@mercymooselake.org,Gordy Forbort,Gordy,Forbort,CFO,2184855532,NULL,2184855654,gforbort@sisunet.org,,,,MN,,,,www.mercymooselake.org,No Affiliation,,1,"John Baga, MD",,,,,,,,,,,,,,,,,,,,,,,,,,,Gordy,Forbort,CFO,2184855532,NULL,2184855654,gforbort@sisunet.org,,,,MN,,
67,1528031390,FirstLight Health System,MORA,301 South Hwy 65     ,,,KANABEC,MN,55051,1899,3206791212,3206791643,Randy,Ulseth,Chief Executive Officer,rulseth@sisunet.org,Gordon Forbort,Gordon,Forbort,Interim CFO,7634862698,NULL,2187633559,gforbort@sisunet.org,,,,  ,,,,www.fl-hs.org,No Affiliation,,1,"Terry A. Johnson, MD",,,,,,,,,,,,,,,,,,,,,,,,,,,Gordon,Forbort,Interim CFO,7634862698,NULL,2187633559,gforbort@sisunet.org,,,,  ,,
152,1487678942,Stevens Community Medical Center,MORRIS,400 East First Street     ,,,STEVENS,MN,56267,1408,3205891313,3205893533,Jason,Breuer,President & CEO,jbreuer@scmcinc.org,Kerrie Erickson,Lisa,Sletten,Staff Accountant,NULL,NULL,3205897686,lsletten@scmcinc.org,"400 East First Street PO Box 660, , , , , ",,Morris,MN,56267,----,Stevens,kerickson@scmcinc.org,No Affiliation,,1,"Christopher Wanner, M.D.",,,,,,,,,,,,,,,,,,,,,,,,,,,Lisa,Sletten,Staff Accountant,NULL,NULL,3205897686,lsletten@scmcinc.org,"400 East First Street PO Box 660, , , , , ",,Morris,MN,56267,----
114,1124035282,Mayo Clinic Health System - New Prague,NEW PRAGUE,301 Second Street Northeast     ,,,SCOTT,MN,56071,1709,9527584431,9527585009,Mary,Klimp,CAO,klimp.mary@mayo.edu,James Tarasovitch,Beau,Hultquist,Regulatory & Reimbursement Analyst,5073047197,NULL,5073854874,hultquist.beau@mayo.edu,1025 Marsh St,PO Box 8673,Mankato,MN,56001,,Blue Earth,mayoclinichealthsystem.org,Mayo Clinic,Owned,1,Brian Bartlett,Ryan,Ashland,Director - Finance,5073852680,NULL,5073854874,ashland.ryan@mayo.edu,1025 Marsh St,PO Box 8673,Mankato,MN,56002,8673,,,,,,,,,,,,,,Ryan,Ashland,Director - Finance,5073852680,NULL,5073854874,ashland.ryan@mayo.edu,1025 Marsh St,PO Box 8673,Mankato,MN,56002,8673
127,1558328435,New Ulm Medical Center,NEW ULM,1324 Fifth Street N.   ,,,BROWN,MN,56073,1514,5072331000,5072331575,Toby,Freier,President,Toby.Freier@allina.com,Jeffrey Messenger ,Jason,Maynard,Reimbursement Analyst,6122624728,NULL,6122624728,Jason.Maynard@allina.com,"PO Box 43, Mail Route 10809, ",,Minneapolis,MN,55440,43,Hennepin,www.allinahealth.org/New-Ulm-Medical-Center/,Allina Hospitals and Clinics,Owned,1,"Dr. Luke Albrecht, MD",Becky,Krenik,Reimbursement Manager,6122624720,NULL,6122624720,becky.krenik@allina.com,MR 10809 P.O.Box 43,,Minneapolis,MN,55440,43,Trisha,Schirmers,Reimbursement Director,6122624719,NULL,6122624719,trisha.schirmers@allina.com,MR 10809 P.O.Box 43,Mail Route 10809,Minneapolis,MN,55440,43,Jason,Maynard,Reimbursement Analyst,6122624728,NULL,6122624728,Jason.Maynard@allina.com,"PO Box 43, Mail Route 10809, ",,Minneapolis,MN,55440,43
105,1417990805,Northfield Hospital & Clinics,NORTHFIELD,2000 North Avenue     ,,,DAKOTA,MN,55057,1498,5076461000,5076461392,Steve,Underdahl,President / CEO,underdahls@northfieldhospital.org,Scott Edin,Jane,Narverud,Director of Accounting,5076461016,NULL,5076466838,narverudj@northfieldhospital.org,"2000 North Ave., , , , , ",,Northfield,MN,55057,1611,,www.northfieldhospital.org,No Affiliation,,0,Jeff Meland,,,,,,,,,,,,,,,,,,,,,,,,,,,Jane,Narverud,Director of Accounting,5076461016,NULL,5076466838,narverudj@northfieldhospital.org,"2000 North Ave., , , , , ",,Northfield,MN,55057,1611
116,1629091871,Renville County Hospital,OLIVIA,100 Healthy Way,,,RENVILLE,MN,56277,4213,3205231261,3205233458,Nathan,Blad,CEO,bladn@rchospital.com,Nancy Anderson,Nancy,Anderson,Chief Financial Officer,3205233477,NULL,3205233458,andersonna@rchospital.com,,,,  ,,,,www.renvillecountyhospital.org,No Affiliation,,1,Dr. Mark Ahlquist,,,,,,,,,,,,,,,,,,,,,,,,,,,Nathan,Blad,CEO,3205231261,NULL,NULL,bladn@rchospital.com,,,,MN,,
28,1548212699,Mille Lacs Health System,ONAMIA,200 North Elm Street   ,,,MILLE LACS,MN,56359,,3205323154,3205323111,Bill,Nelson,Chief Executive Officer,bnelson@mlhealth.org,John Unzen,John,Unzen,Chief Financial Officer,3205322581,NULL,3205323111,junzen@mlhealth.org,"200 North Elm Street , Box A, Box A, Box A",Box A,Onamia,MN,56359,----,Mille Lacs,www.mlhealth.org,No Affiliation,,1,Dr Arden Virnig MD,,,,,,,,,,,,,,,,,,,,,,,,,,,John,Unzen,Chief Financial Officer,3205322581,NULL,3205323111,junzen@mlhealth.org,"200 North Elm Street , Box A, Box A, Box A",Box A,Onamia,MN,56359,----
108,1790783587,Ortonville Area Health Services,ORTONVILLE,450 Eastvold Avenue,,,BIG STONE,MN,56278,,3208392502,3208394107,David,Rogers,CEO,David.Rogers@oahs.us,Kevin Benson,Kevin,Benson,CFO,3208394132,NULL,3208394105,kevin.benson@oahs.us,,,,  ,,,,www.oahs.us,Sanford Health,Managed,1,"Dr. Allan Ross, MD",Debra,Barnhardt,Accountant,3208394132,NULL,3208394105,debr.barnhardt@oahs.us,,,,  ,,,,,,,,,,,,,,,,Kevin,Benson,CFO,3208394132,NULL,3208394105,kevin.benson@oahs.us,,,,  ,,
57,1528025632,Owatonna Hospital,OWATONNA,2250 NW 26th Street   ,,,STEELE,MN,55060,5503,5074513850,5079772335,David,Albrecht,President,David.Albrecht@allina.com,Mark Gillen,Jason,Maynard,Reimbursement Analyst,6122624728,NULL,6122624728,Jason.Maynard@allina.com,"PO Box 43, Mail Route 10809, ",,Minneapolis,MN,55440,43,Hennepin,http://www.allinahealth.org/Owatonna-Hospital/,Allina Hospitals and Clinics,Owned,0,"Ralph Powell, MD",Becky,Krenik,Reimbursement Manager,6122624720,NULL,6122624720,becky.krenik@allina.com,MR 10809 P.O.Box 43,,Minneapolis,MN,55440,43,Trisha,Schirmers,Reimbursement Director,6122624719,NULL,6122624719,trisha.schirmers@allina.com,MR 10809 P.O.Box 43,Mail Route 10809,Minneapolis,MN,55440,43,Jason,Maynard,Reimbursement Analyst,6122624728,NULL,6122624728,Jason.Maynard@allina.com,"PO Box 43, Mail Route 10809, ",,Minneapolis,MN,55440,43
140,1023086055,"St. Joseph's Area Health Services, Inc.",PARK RAPIDS,600 Pleasant Avenue     ,,,HUBBARD,MN,56470,1431,2187323311,2187321368,Ben,Koppelman,Chief Executive Officer,benkoppelman@catholichealth.net,Jay Ross,Dan,Larsen,Principal,5074347055,NULL,5074378997,dan.larsen@claconnect.com,"109 North Main St, , ",,Austin,MN,55912,,Mower,www.sjahs.org,Catholic Health Initiatives,Owned,1,"Jane M. Churchill, MD",Jay,Ross,CFO,2186343440,NULL,2186341094,jayross@catholichealth.net,600 Main Ave. South,,Baudette,MN,56623,,,,,,,,,,,,,,,Jay,Ross,CFO,2186343440,NULL,2186341094,jayross@catholichealth.net,600 Main Ave. South,,Baudette,MN,56623,
110,1205269941,CentraCare Health - Paynesville,PAYNESVILLE,200 West First Street     ,,,STEARNS,MN,56362,1445,3202433767,3202436707,Dennis,Miley,Administrator,dennis.miley@centracare.com,Jennifer Holtz,Kari van der,Hagen,Government Reimbursement Accountant,3202512700,54553,3202555756,kari.vanderhagen@centracare.com,"1406 Sixth Ave North,",,St. Cloud,MN,56303,1901,Stearns,www.centracare.com,CentraCare Health System,Owned,1,Lawrence Strate,Jodi,Sanders,Reimbursement Coordinator,3202512700,54697,3202555756,sandersj@centracare.com,"1406 6th Ave No,",,St. Cloud,MN,,,Jennifer,Holtz,Finance Director,3202437769,42129,3202431541,jennifer.holtz@centracare.com,"200 West 1st Street, ",,Paynesville,MN,56362,1445,Jennifer,Holtz,Finance Director,3202437769,42129,3202431541,jennifer.holtz@centracare.com,"200 West 1st Street, ",,Paynesville,MN,56362,1445
112,1790799518,Perham Health,PERHAM,1000 Coney Street West   ,,,OTTER TAIL,MN,56573,,2183464500,2183464540,Chuck,Hofius,Administrator,chuck.hofius@perhamhealth.org,Brad Wurgler,Korey,Boelter,Principal,6123764549,NULL,6123764850,korey.boelter@claconnect.com,"220 South Sixth Street, Suite 300, ",,Minneapolis,MN,55402,,Hennepin,www.perhamhealth.org,Sanford Health,Managed,1,"Timothy Studer, D.O.",Justine,Ostlie,Controller,2183474500,NULL,NULL,justine.ostlie@perhamhealth.org,,,,  ,,,,,,,,,,,,,,,,Justine,Ostlie,Controller,2183474500,NULL,NULL,justine.ostlie@perhamhealth.org,,,,  ,,
113,1598751240,Pipestone County Medical Center,PIPESTONE,916 Fourth Ave S.W.  ,,,PIPESTONE,MN,56164,0,5078255811,5078255733,Brad,Burris,CEO/Administrator,bradley.burris@pcmchealth.org,Dave Keeler,Ryan,Hill,Controller,2187903903,NULL,NULL,ryan.hill@pcmchealth.org,916 Fourth Ave SW,,Pipestone,MN,56164,,Pipestone,www.pcmchealth.org,Avera Health,Managed,1,Dr. Myles Zephier,,,,,,,,,,,,,,,,,,,,,,,,,,,Dave,Keeler,CFO,5078256079,NULL,5078255733,Dave.Keeler@pcmchealth.org,"916 Fourth Ave. SW, ",,Pipestone,MN,,
41,1922085299,Fairview Northland Regional Hospital,PRINCETON,911 Northland Drive    ,,,SHERBURNE,MN,55371,2172,7633891313,7633896306,John,Herman,President,jherman6@fairview.org,Daniel Fromm,Rena,Garni,Government Reimbursement Analysis,6126726977,NULL,6126726986,rgarni1@fairview.org,"400 Stinson Blvd NE, ",,Minneapolis,MN,55413,2613,Hennepin,www.fairview.org,Fairview Health Services,Owned,0,Dr. Greg Schoen,Deborah,Mayland-Poyzer,Director of Government Reimbursement,6126727067,NULL,6126726986,dmaylan1@fairview.org,400 Stinson Blvd NE,,Minneapolis,MN,55413,2613,Tim,Fried,Government Reimbursement Supervisor,6126726736,NULL,6126726986,tfried1@fairview.org,400 Stinson Blvd NE,,Minneapolis,MN,55413,2613,James,Eckman,Sr Financial Analyst II,6126724668,NULL,6126721240,jeckman3@fairview.org,400 Stinson Blvd NE,,Minneapolis,MN,55413,2613
213,,US Public Health Service - Red Lake,RED LAKE,Highway 1,,,BELTRAMI,MN,56671,,2186793912,,Nora,Thunder,,,,,,,,,,,,,,,,,,,US Public Health Service,Owned,No,,,,,,,,,,,,,,,,,,,,,,,,,,,,,,,,,,,,,,,,
138,1164400024,Mayo Clinic Health System - Red Wing,RED WING,701 Hewitt Boulevard  ,,,GOODHUE,MN,55066,,6512675000,6513853448,Stephen,Gudgell,Chief Administrative Officer,sgudgell@mayo.edu,Jim Tarasovitch,Mark,Homard,Reimbursement Process Manager,5072664742,NULL,5072840986,homard.mark@mayo.edu,"200 First Street SW,, ",,Rochester,MN,55905,,Olmsted,wwww.mayoclinichealthsystem.org,Mayo Clinic,Owned,0,"Gregory Kays, M.D.",Beau,Hultquist,Regulatory & Reimbursement Analyst,5073047197,NULL,5073854874,hultquist.beau@mayo.edu,1025 Marsh St,PO Box 8673,Mankato,MN,56001,,,,,,,,,,,,,,,Mark,Homard,Reimbursement Process Manager,5072664742,NULL,5072840986,homard.mark@mayo.edu,"200 First Street SW,, ",,Rochester,MN,55905,
98,1104818673,Redwood Area Hospital,REDWOOD FALLS,100 Fallwood Road   ,,,REDWOOD,MN,56283,1828,5076374500,5076976000,Bryan,Lydick,CEO,bryan.lydick@redwoodareahospital.org,Melissa Meyer,Melissa,Meyer,Director of Finance & Administrative Services,5076375755,NULL,5076372417,mmeyer@ci.redwood-falls.mn.us,"333 South Washington St, , ",,Redwood Falls,MN,56283,,REDWOOD,www.redwoodareahospital.org,No Affiliation,,1,Dr. Joshua Friese,Darryn,McGarvey,Principal,6123764624,NULL,6123764850,darryn.mcgarvey@CLAconnect.com,"220 South 6th Street Ste 300, , , ",,Minneapolis,MN,55402,1436,Bryan,Lydick,CFO,5076374511,NULL,5076976000,bryan.lydick@redwoodareahospital.org,"100 Fallwood Road, , , ",,Redwood Falls,MN,56283,1828,Melissa,Meyer,Director of Finance & Administrative Services,5076375755,NULL,5076372417,mmeyer@ci.redwood-falls.mn.us,"333 South Washington St, , ",,Redwood Falls,MN,56283,
103,1851344907,North Memorial Medical Center,ROBBINSDALE,3300 Oakdale Avenue North     ,,,HENNEPIN,MN,55422,2900,7635205000,7635205006,Dr. Kevin,Croston,President/CEO,kevin.croston@northmemorial.com,Aaron Bloomquist,Crystal,Sele,Consultant,9524576042,NULL,3203104397,csele@gregbrockconsulting.com,"5585 Odean Ave NE, ",,St. Michael,MN,55376,,,http://www.northmemorial.com,North Memorial Health Care,Owned,0,Dr. Amy Kolar,Jill,Ross,Controller,7635814635,NULL,7635814561,jill.ross@northmemorial.com,"3300 Oakdale Ave North, , , ",,Robbinsdale,MN,55422,---,,,,,,,,,,,,,,Crystal,Sele,Consultant,9524576042,NULL,3203104397,csele@gregbrockconsulting.com,"5585 Odean Ave NE, ",,St. Michael,MN,55376,
107,1538112131,Olmsted Medical Center,ROCHESTER,1650 Fourth Street Southeast    ,,,OLMSTED,MN,55904,6425,5075296600,5075296622,Tim,Weir,Chief Administrative Officer,tweir@olmmed.org,Kevin Higgins,Don,Pavelka,Staff Accountant,5075296598,NULL,5072872779,dpavelka@olmmed.org,"210 9TH ST SE, ",,Rochester,MN,55904,,,www.olmstedmedicalcenter.org,No Affiliation,,0,Dr. Jay Myers,Chuck,Meyer,Financial Services Manager,5075296581,NULL,5075296587,cmeyer@olmmed.org,,,,MN,,,Matt,Peterson,Controller and Director of Finance,5075296615,NULL,5075296587,mpeterson@olmmed.org,"210 9TH ST SE, ",,Rochester,MN,55904,,Kevin,Higgins,Chief Financial Officer,5075296619,NULL,5072872779,khiggins@olmmed.org,"210 9TH ST SE, ",,Rochester,MN,55904,
145,1841266194,Mayo Clinic Hospital - Rochester,ROCHESTER,1216 Second Street Southwest     ,,,OLMSTED,MN,55902,1906,5072664742,5072840986,Kenneth,Ackerman,Assoc - Administrator Hospital,ackerman.kenneth@mayo.edu,Kedrick Adkins,Wanda,Fjerstad,Regulatory/Reimbursement Analyst,5072845761,NULL,5072840986,fjerstad.wanda@mayo.edu,"200 1st St SW, , , , ",,Rochester,MN,55905,----,Olmsted,http://www.mayoclinic.org/saintmaryshospital/,Mayo Clinic,Owned,0,"Annie Sadosty, MD",,,,,,,,,,,,,,,,,,,,,,,,,,,Wanda,Fjerstad,Regulatory/Reimbursement Analyst,5072845761,NULL,5072840986,fjerstad.wanda@mayo.edu,"200 1st St SW, , , , ",,Rochester,MN,55905,----
251,1669418851,Community Behavioral Health Hospital - Rochester,ROCHESTER,251 Wood Lake Drive SE  ,,,OLMSTED,MN,55904,5530,5072062561,5075292748,Nancy,Johnston,Executive Director,nancy.a.johnston@state.mn.us,Shirley Jacobson,Lori,Zook,CFO,5079347689,NULL,5079347651,lzook@rehc.org,1900 N Sunrise Dr,,St. Peter,MN,56082,1327,,shirley.jacobson@state.mn.us,"Dept of Human Services, State of MN",Owned,0,0,,,,,,,,,,,,,,,,,,,,,,,,,,,,,,,,,,,,,,,
121,1609861095,LifeCare Medical Center,ROSEAU,715 Delmore Drive      ,,,ROSEAU,MN,56751,1534,2184632500,2184631266,Keith,Okeson,President/CEO,kokeson@lifecaremc.com,Catherine Huss,Cathy,Huss,Chief Financial Officer,2184634763,NULL,2184631266,chuss@lifecaremc.com,"715 Delmore Drive, , , , , , ",,Roseau,MN,56751,----,,www.lifecaremedicalcenter.org,No Affiliation,,1,Dr. David Brett,,,,,,,,,,,,,,,,,,,,,,,,,,,Cathy,Huss,Chief Financial Officer,2184634763,NULL,2184631266,chuss@lifecaremc.com,"715 Delmore Drive, , , , , , ",,Roseau,MN,56751,----
124,1568540847,Essentia Health - Sandstone,SANDSTONE,109 Court Avenue South  ,,,PINE,MN,55072,5120,3202452212,3202455243,Michael,Hedrix,COO,Michael.Hedrix@essentiahealth.org,Kevin Boren,Rick,Sicora,Controller,3202456770,NULL,NULL,Richard.Sicora@EssentiaHealth.org,,,,  ,,,,essentiahealth.org,Essentia Health,Leased,1,"Erika Miles, MD",Rachel,Plesha,Manager of Financial Reporting,2187861432,NULL,2187868406,Rachel.Plesha@EssentiaHealth.org ,"532 E. First Street, ",,Duluth,MN,55805,,Michael,Vuchetich,Accounting Analyst I,2187861242,NULL,2187868406,Michael.Vuchetich@essentiahealth.org,"532 E. First Street, ",,Duluth,MN,55805,1984,Laura,Carlson,Accounting Analyst II,2187861703,NULL,2187868406,Laura.Carlson@EssentiaHealth.org ,"532 E. First Street, ",,Duluth,MN,55805,
149,1407889991,CentraCare Health - Sauk Centre,SAUK CENTRE,425 North Elm Street    ,,,STEARNS,MN,56378,1010,3203522221,3203525150,Delano,Christianson,Administrator,christiansond@centracare.com,Delano Christianson,Todd,Stordahl,Director of Finance,3202561760,NULL,3203525150,stordahlt@centracare.com,"425 Elm St North, , ",,Sauk Centre,MN,56378,--,,www.centracare.com,CentraCare Health System,Owned,1,"Ben Haeg, MD",Kari van der,Hagen,Government Reimbursement Accountant,3202512700,54553,3202555756,kari.vanderhagen@centracare.com,"1406 Sixth Ave North,",,St. Cloud,MN,56303,1901,Delano,Christianson,Administrator,3203511701,NULL,3203525150,christiansond@centracare.com,"425 North Elm Street, , , ",,Sauk Centre,MN,56378,---,Todd,Stordahl,Director of Finance,3202561760,NULL,3203525150,stordahlt@centracare.com,"425 Elm St North, , ",,Sauk Centre,MN,56378,--
135,1578520045,St. Francis Regional Medical Center,SHAKOPEE,1455 St. Francis Avenue   ,,,SCOTT,MN,55379,3380,9524283000,9524283820,Michael,McMahan,President,Mike.McMahan@allina.com,Cindy Vincent,Taha,Valibhai,Reimbursement Analyst,6122624724,NULL,6122624724,taha.valibhai@allina.com,"P.O. Box 43, Mail Route 10809, ",,Minneapolis,MN,55440,43,Hennepin,http://www.stfrancis-shakopee.com/,Allina Hospitals and Clinics,Owned,0,Dr. Brian Clarkowski,Becky,Krenik,Reimbursement Manager,6122624720,NULL,6122624720,becky.krenik@allina.com,MR 10809 P.O.Box 43,,Minneapolis,MN,55440,43,Trisha,Schirmers,Reimbursement Director,6122624719,NULL,6122624719,trisha.schirmers@allina.com,MR 10809 P.O.Box 43,Mail Route 10809,Minneapolis,MN,55440,43,Taha,Valibhai,Reimbursement Analyst,6122624724,NULL,6122624724,taha.valibhai@allina.com,"P.O. Box 43, Mail Route 10809, ",,Minneapolis,MN,55440,43
99,1053497214,Murray County Memorial Hospital,SLAYTON,2042 Juniper Avenue   ,,,MURRAY,MN,56172,1017,5078366111,5078366700,Dennis,Goebel,CEO,goebeld@murraycountymed.org,Renee M. Logan,Renee,Logan,CFO,5078361274,NULL,5078361274,loganr@murraycountymed.org,"2042 JUNIPER AVE, , , ",,Slayton,MN,56172,1017,Murray,www.murraycountymed.org,Sanford Health,Managed,1,Dr. David Geier,Robyn Van,Heuvelen,Controller,5078361273,NULL,5078361273,vangeuvelenr@murraycountymed.org,"2042 JUNIPER AVE, ,, ",,Slayton,MN,56172,1017,,,,,,,,,,,,,,Renee,Logan,CFO,5078361274,NULL,5078361274,loganr@murraycountymed.org,"2042 JUNIPER AVE, , , ",,Slayton,MN,56172,1017
129,1952370348,Sleepy Eye Medical Center,SLEEPY EYE,400 Fourth Avenue Northwest     ,,,BROWN,MN,56085,1109,5077943571,5077945460,Kevin,Sellheim,Administrator,ksellheim@semedicalcenter.org,,Kevin,Sellheim,Administrator,5077948440,NULL,5077945460,ksellheim@semedicalcenter.org,"400 Fourth Avenue Northwest, P.O. Box 323, P.O. Box 323",P.O. Box 323,Sleepy Eye,MN,56085,----,,www.semedicalcenter.org,No Affiliation,,1,Dr. Venkata Murthy,,,,,,,,,,,,,,,,,,,,,,,,,,,Janet,Kramer,Accounting Manager,5077948474,NULL,5077945462,jkramer@semedicalcenter.org,,,,MN,,
130,1619945052,Mayo Clinic Health System - Springfield,SPRINGFIELD,625 North Jackson Avenue    ,,,BROWN,MN,56087,1714,5077236201,5077236447,Scott,Thoreson,Administrator,thoreson.scott@mayo.edu,James Tarasovitch,Beau,Hultquist,Regulatory & Reimbursement Analyst,5073047197,NULL,5073854874,hultquist.beau@mayo.edu,1025 Marsh St,PO Box 8673,Mankato,MN,56001,,Blue Earth,www.mayoclinichealthsystem.org,Mayo Clinic,Owned,1,Dr. Brian Bartlett,Ryan,Ashland,Director - Finance,5073852680,NULL,5073854874,ashland.ryan@mayo.edu,1025 Marsh St,PO Box 8673,Mankato,MN,56002,8673,,,,,,,,,,,,,,Ryan,Ashland,Director - Finance,5073852680,NULL,5073854874,ashland.ryan@mayo.edu,1025 Marsh St,PO Box 8673,Mankato,MN,56002,8673
132,1043269798,St. Cloud Hospital,ST. CLOUD,1406 6th Avenue North,,,STEARNS,MN,56303,1900,3202512700,3022555756,Craig,Broman,President,bromanc@centracare.com,Greg Klugherz,Kari van der,Hagen,Government Reimbursement Accountant,3202512700,54553,3202555756,kari.vanderhagen@centracare.com,"1406 Sixth Ave North,",,St. Cloud,MN,56303,1901,Stearns,www.centracare.com,CentraCare Health System,Owned,0,Dr. Peter Charvat,Jodi,Sanders,Reimbursement Coordinator,3202512700,54697,3202555756,sandersj@centracare.com,"1406 6th Ave No,",,St. Cloud,MN,,,,,,,,,,,,,,,,Dale,Kraemer,Financial Planning Specialist,3202512700,52063,3202555756,kraemerd@centracare.com,,,,MN,55352,1098
212,1588614325,Veterans Affairs Health Care System,ST. CLOUD,4801 Veterans Drive      ,,,STEARNS,MN,56303,2099,3202521670,3202556494,Barry I,Bahl,Medical Center Director,barry.bahl@va.gov,Joseph Schmitz,Atlas,Anagnos,Health System Specialist,3202521670,NULL,NULL,atlas.anagnos@va.gov,,,St. Cloud,MN,,,Stearns,www.stcloud.va.gov,U.S. Department of Veterans Affairs,Owned,0,N/A,Timothy,Atchley,Health System Specialist,3202521670,NULL,NULL,timothy.atchley@va.gov,,,,  ,,,,,,,,,,,,,,,,Dave,Ruder,"Director, Facilities Management",3202556364,NULL,NULL,david.ruder@med.va.gov,,,St. Cloud,MN,,
171,1639198732,Mayo Clinic Health System - St. James,ST. JAMES,1101 Moulton & Parsons Drive    ,,,WATONWAN,MN,56081,2408,5073753261,5073758605,Mary,Klimp,Site Administrator,klimp.mary@mayo.edu,James Tarasovitch,Beau,Hultquist,Regulatory & Reimbursement Analyst,5073047197,NULL,5073854874,hultquist.beau@mayo.edu,1025 Marsh St,PO Box 8673,Mankato,MN,56001,,Blue Earth,www.mayohealthsystem.org,Mayo Clinic,Owned,1,Dr. Brian Bartlett,Ryan,Ashland,Director - Finance,5073852680,NULL,5073854874,ashland.ryan@mayo.edu,1025 Marsh St,PO Box 8673,Mankato,MN,56002,8673,,,,,,,,,,,,,,Beau,Hultquist,Regulatory & Reimbursement Analyst,5073047197,NULL,5073854874,hultquist.beau@mayo.edu,1025 Marsh St,PO Box 8673,Mankato,MN,56001,
86,1649220724,Park Nicollet Methodist Hospital,ST. LOUIS PARK,6500 Excelsior Boulevard     ,,,HENNEPIN,MN,55426,4702,9529935000,9529935936,Steven,Connelly,CMO,steven.connelly@parknicollet.com,Catherine Lenagh,Cindy,Fort,Gov't Regulatory Analyst,9529931690,NULL,9529931808,cindy.forte@parknicollet.com,6500 Excelsior Blvd,PO Box 650,St. Louis Park,MN,55426,4702,Hennepin,www.parknicollet.com,Park Nicollet Health Services,Owned,0,"Michael Seim, MD",Craig,Larson,"Director, Revenue Rptg & Reg. Analysis",9529931845,NULL,9529931808,craig.larson@parknicollet.com,6500 Excelsior Blvd,PO BOx 650,St. Louis Park,MN,55426,4702,John,Rodewald,"Manager, Regulatory Analysis",9529931835,NULL,9529931808,john.rodewald@parknicollet.com,6500 Excelsior Blvd,PO Box 650,St. Louis Park,MN,55426,4702,Patricia,Harris,"Analyst, Sr. - Capital",9529939255,NULL,9529931808,patricia.harris@parknicollet.com,6500 Excelsior Blvd,,St. Louis Park,MN,55426,4702
10,1194787465,Bethesda LTACH,ST. PAUL,559 Capitol Blvd.      ,,,RAMSEY,MN,55103,2101,6512322000,6512322118,Cathy,Barr,Hospital COO,cbarr@healtheast.org,Doug Davenport,Kris,Janzen,Senior Accountant,6512322913,NULL,6512326444,kjanzen@healtheast.org,"1700 UNIVERSITY AVE MIDWAY CORP, , , , , , ",,St. Paul,MN,55104,----,RAMSEY,www.bethesdahospital.org,HealthEast Care System,Owned,0,0,,,,,,,,,,,,,,,,,,,,,,,,,,,Julius,Nammeh,Fixed Asset/Lease Coordinator,6512320138,NULL,NULL,jnnammeh@healtheast.org,"1700 University Ave , ",,St. Paul,MN,55104,----
49,1447352836,Gillette Children's Specialty Healthcare,ST. PAUL,200 East University Avenue     ,,,RAMSEY,MN,55101,2507,6512912848,6513252122,Barbara,Joers,President,bjoers@gillettechildrens.com,James Haddican,Heidi,Sundman-Hetchler,Financial Analyst,6513252205,NULL,6513252122,heidilhetchler@gillettechildrens.com,,,St. Paul,MN,,,,www.gillettechildrens.org,No Affiliation,,0,N/A,Jessica,Nafstad,Sr. Financial Analyst,6513252173,NULL,6513252122,jnafstad@gillettechildrens.com,,,St. Paul,MN,,,Joel,Tomlinson,Sr. Financial Analyst,6513252103,NULL,6513252122,jtomlinson@gillettechildrens.com,,,St. Paul,MN,,,Jessica,Salic,Senior Accountant,6513252114,NULL,6513252122,jessicalsalic@gillettechildrens.com,,,St. Paul,MN,,
141,1134186273,St. Joseph's Hospital,ST. PAUL,69 West Exchange Street      ,,,RAMSEY,MN,55102,,6512323000,6512323518,Cathy,Barr,COO,cbarr@healtheast.org,Doug Davenport,Kris,Janzen,Senior Accountant,6512322913,NULL,6512326444,kjanzen@healtheast.org,"1700 UNIVERSITY AVE MIDWAY CORP, , , , , , ",,St. Paul,MN,55104,----,RAMSEY,www.stjosephs-stpaul.org,HealthEast Care System,Owned,0,Dr. Brian Ness,,,,,,,,,,,,,,,,,,,,,,,,,,,Julius,Nammeh,Fixed Asset/Lease Coordinator,6512320138,NULL,NULL,jnnammeh@healtheast.org,"1700 University Ave , ",,St. Paul,MN,55104,----
151,1629006457,Regions Hospital,ST. PAUL,640 Jackson Street      ,,,RAMSEY,MN,55101,2502,6512542191,6512542194,Megan,Remark,President & CEO,megan.m.remark@healthpartners.com,Heidi Conrad,Ann,Jaszewski,Reimbursement Analyst,6512541614,NULL,6512540806,ann.m.jaszewski@healthpartners.com,"640 JACKSON ST,, , , , , ",,St. Paul,MN,55101,2595,,www.regionshospital.com,"HealthPartners, Inc.",Owned,0,"Kurt Isenberger, MD",Rick,Roberts,Reimbursement Director,6512540811,NULL,6512540806,rick.m.roberts@healthpartners.com,"640 JACKSON ST, , , , , , ",,St. Paul,MN,55101,2595,Eric,Velleux,Reimbursement Analyst,6512541827,NULL,6512540806,eric.d.velleux@healthpartners.com,"640 JACKSON ST, , , , , , ",,St. Paul,MN,55101,2595,Rick,Roberts,Reimbursement Director,6512540811,NULL,6512540806,rick.m.roberts@healthpartners.com,"640 JACKSON ST, , , , , , ",,St. Paul,MN,55101,2595
163,1457319485,United Hospital,ST. PAUL,333 North Smith Avenue    ,,,RAMSEY,MN,55102,2344,6122208000,6512417368,Tom,O'Connor,President,tom.o'connor@allina.com,Karen Gustafson - Interim,Caitlin,Gerdes,Intermediate Reimbursement Analyst,6122624731,NULL,6122624731,caitlin.gerdes@allina.com,"P.O. Box 43, Mail Route 10809, ",,Minneapolis,MN,55440,43,Hennepin,www.allinahealth.org/United-Hospital/,Allina Hospitals and Clinics,Owned,0,Dr. Scott Donner,Trisha,Schirmers,Reimbursement Director,6122624719,NULL,6122624719,trisha.schirmers@allina.com,MR 10809 P.O.Box 43,Mail Route 10809,Minneapolis,MN,55440,43,Roger,Newcome,Manager of Reimbursement,6122624721,NULL,6122624721,Roger.Newcome@allina.com,"P.O. Box 43, Mail Route 10809, ",,Minneapolis,MN,55440,43,Caitlin,Gerdes,Intermediate Reimbursement Analyst,6122624731,NULL,6122624731,caitlin.gerdes@allina.com,"P.O. Box 43, Mail Route 10809, ",,Minneapolis,MN,55440,43
22,1407849367,River's Edge Hospital & Clinic,ST. PETER,1900 N. Sunrise Drive    ,,,NICOLLET,MN,56082,1327,5079312200,5079317651,George,Rohrich,Chief Executive Officer,grohrich@riversedgehealth.org,Lori Zook,Lori,Zook,CFO,5079347689,NULL,5079347651,lzook@rehc.org,1900 N Sunrise Dr,,St. Peter,MN,56082,1327,,www.riversedgehealth.org,No Affiliation,,1,"Robert Christensen, MD",George,Rohrich,CEO,5079347602,NULL,5079347651,grohrich@riversedgehealth.org,"1900 N SUNRISE DR,,, , ",,St. Peter,MN,56082,1327,,,,,,,,,,,,,,Lori,Zook,CFO,5079347689,NULL,5079347651,lzook@rehc.org,1900 N Sunrise Dr,,St. Peter,MN,56082,1327
252,1962583039,Community Behavioral Health Hospital-St. Peter,ST. PETER,2000 Klein Street  ,,,NICOLLET,MN,56082,5800,5079335001,5079347043,Nancy,Johnston,Executive Director,nancy.a.johnston@state.mn.us,Shriley Jacobson,Lori,Zook,CFO,5079347689,NULL,5079347651,lzook@rehc.org,1900 N Sunrise Dr,,St. Peter,MN,56082,1327,,shirley.jacobson@state.mn.us,"Dept of Human Services, State of MN",Owned,0,0,,,,,,,,,,,,,,,,,,,,,,,,,,,,,,,,,,,,,,,
161,1295726362,Lakewood Health System,STAPLES,49725 County Road 83   ,,,TODD,MN,56479,3201,2188941515,2188940355,Tim,Rice,President,timrice@lakewoodhealthsystem.com,Lisa Bjerga,Lisa,"Bjerga, CPA",CFO - Interim,2188948352,NULL,2188948984,lisabjerga@lakewoodhealthsystem.com,,,,  ,,,,www.lakewoodsystem.com,No Affiliation,,1,Dr. John Halfen,,,,,,,,,,,,,,,,,,,,,,,,,,,Lisa,"Bjerga, CPA",CFO - Interim,2188948352,NULL,2188948984,lisabjerga@lakewoodhealthsystem.com,,,,  ,,
74,1538138003,Lakeview Memorial Hospital,STILLWATER,927 West Churchill Street     ,,,WASHINGTON,MN,55082,5930,6514395330,6514304528,Theodore,Wegleitner,President,theodore.t.wegleitner@healthpartners.com,Douglas Johnson,Nathan,Wayne,Sr Financial Analyst,6514304539,NULL,6514308538,nathan.p.wayne@healthpartners.com,"927 Churchill St W, , ",,Stillwater,MN,55082,6605,Washington,www.lakeviewhealth.org,"HealthPartners, Inc.",Owned,0,Dr. Bjorn Peterson,Michelle,Kraft,Director of Finance,6514304547,NULL,6514308538,michelle.a.kraft@lakeview.org,"927 Churchill St W, , ",,Stillwater,MN,,,,,,,,,,,,,,,,Michelle,Kraft,Director of Finance,6514304547,NULL,6514308538,michelle.a.kraft@lakeview.org,"927 Churchill St W, , ",,Stillwater,MN,,
106,1043218753,Sanford Medical Center Thief River Falls,THIEF RIVER FALLS,3001 Sanford Parkway,,,PENNINGTON,MN,56701,-5,2186814240,2186834511,Brian,Carlson,CEO,brian.carlson@sanfordhealth.org,Todd Christensen,Tom,Wang,Accountant,2186834470,NULL,NULL,thomas.wang@sanfordhealth.org,,,,  ,,,,http://www.sanfordhealth.org/,Sanford Health,Owned,1,"Jawad Khan, MD",,,,,,,,,,,,,,,,,,,,,,,,,,,Tom,Wang,Accountant,2186834470,NULL,NULL,thomas.wang@sanfordhealth.org,,,,  ,,
156,1003851171,Sanford Tracy Medical Center,TRACY,251 5th Street E.     ,,,LYON,MN,56175,1536,5076293200,5076293202,Stacy,Barstad,CEO,stacy.barstad@sanfordhealth.org,0,Jill,Sigelman,Reimbursement Director,6123764528,NULL,6123764850,jill.sigelman@claconnect.com,"220 S. 6th Street, Suite 300, ",,Minneapolis,MN,55402,,Hennepin,www.sanfordtracy.org,Sanford Health,Leased,1,"Abdul Khan, MD",Stacy,Barstad,CEO,5072124136,NULL,5076293202,stacy.barstad@sanfordhealth.org,"251 5th St. E, ",,Tracy,MN,56175,----,,,,,,,,,,,,,,Stacy,Barstad,CEO,5072124136,NULL,5076293202,stacy.barstad@sanfordhealth.org,"251 5th St. E, ",,Tracy,MN,56175,----
72,1023067642,Lake View Memorial Hospital,TWO HARBORS,325 11th Avenue     ,,,LAKE,MN,55616,1300,2188347300,2188347388,Greg,Ruberg,Administrator,Greg.Ruberg@slhduluth.com,Eric Lohn,Laurie,Kragseth,Controller,2188347383,NULL,2188347388,Laurie.Kragseth@slhduluth.com,"325 11th Avenue, , , , , , ",,Two Harbors,MN,55616,1300,,www.lvmhospital.com,"St. Luke's Hospital, Duluth",Owned,1,"Thomas Peterson, MD",,,,,,,,,,,,,,,,,,,,,,,,,,,Laurie,Kragseth,Controller,2188347383,NULL,2188347388,Laurie.Kragseth@slhduluth.com,"325 11th Avenue, , , , , , ",,Two Harbors,MN,55616,1300
1,1801840517,"Tyler Healthcare Center, Inc.",TYLER,240 Willow Street   ,,,LINCOLN,MN,56178,1166,5072475521,5072475972,Jonathan,Moe,Administrator,jonathan.moe@avera.org,Sharon Williams,Rob,Schile,Principal,6123764592,NULL,6123764850,rob.schile@CLAconnect.com,"220 South Sixth Street, Suite 300, Suite 300",Suite 300,Minneapolis,MN,55402,,Hennepin,www.tylerhealthcare.org,Avera Health,Managed,1,"Steven P. Snow, MD",Sharon,Williams,Vice President of Finance and Information Services,5075379150,NULL,NULL,sharon.williams@avera.org,300 South Bruce Street,,Marshall,MN,56258,,,,,,,,,,,,,,,Sharon,Williams,Vice President of Finance and Information Services,5075379150,NULL,NULL,sharon.williams@avera.org,300 South Bruce Street,,Marshall,MN,56258,
167,1083617120,Essentia Health Virginia,VIRGINIA,901 9th St. N.  ,,,ST. LOUIS,MN,55792,2348,2187413340,2187499427,Daniel,Milbridge,Chief Operating Officer,Daniel.milbridge@essentiahealth.org,Kevin Boren,Kathy,Jankila,Accounting,2187428646,NULL,2187487723,kathy.jankila@essentiahealth.org,901 9th St. No,,Virginia,MN,55792,2348,,www.essentiahealth.org,Essentia Health,Owned,0,Dr. Nick Itzin,Rachel,Plesha,Manager of Financial Reporting,2187861432,NULL,2187868406,Rachel.Plesha@EssentiaHealth.org ,"532 E. First Street, ",,Duluth,MN,55805,,,,,,,,,,,,,,,Laura,Carlson,Accounting Analyst II,2187861703,NULL,2187868406,Laura.Carlson@EssentiaHealth.org ,"532 E. First Street, ",,Duluth,MN,55805,
133,1659355600,Saint Elizabeth's Medical Center,WABASHA,1200 Fifth Grant Boulevard West     ,,,WABASHA,MN,55981,1042,6125654531,6125652482,Tom,Crowley,President,tom.crowley@ministryhealth.org,John Wolfe,John,Wolfe,CFO,6515655553,NULL,6515652482,john.wolfe@ministryhealth.org,"1200 Fifth Grant Boulevard West, ",,Wabasha,MN,55981,1042,Wabasha,www.ministryhealth.org,Ministry Health Care,Owned,1,Dr. Brian Kelly,,,,,,,,,,,,,,,,,,,,,,,,,,,John,Wolfe,CFO,6515655553,NULL,6515652482,john.wolfe@ministryhealth.org,"1200 Fifth Grant Boulevard West, ",,Wabasha,MN,55981,1042
168,1275608457,Ridgeview Medical Center,WACONIA,500 South Maple Street   ,,,CARVER,MN,55387,1752,9524422191,9524426543,Robert,Stevens,President & CEO,bob.stevens@ridgeviewmedical.org,Gordon Gablenz,Brent,Wordelman,Director of Accounting and Finance,9524422191,5590,9524426540,brent.wordelman@ridgeviewmedical.org,"500 S MAPLE ST, , , , , ",,Waconia,MN,55387,1752,Carver,www.ridgeviewmedical.org,No Affiliation,,0,Dr. David Larson,,,,,,,,,,,,,,,,,,,,,,,,,,,Gordon,Gablenz,CFO,9524422191,NULL,9524426543,gordon.gablenz@ridgeviewmedical.org,"500 South Maple Street, , , , , ",,Waconia,MN,55387,----
157,1477545333,Tri-County Hospital,WADENA,415 N. Jefferson Street      ,,,WADENA,MN,56482,1264,2186313510,2186317511,Joel,Beiswenger,CEO,joel.beiswenger@tchc.org,Kim Aagard,Debbie,Sly,Controller,2186328714,NULL,2186317503,debbie.sly@tchc.org,,,,MN,,,,www.tchc.org,No Affiliation,,1,"Stephen E. Davis, M.D.",Debbie,Sly,Controller,2186328714,NULL,2186317503,debbie.sly@tchc.org,,,,MN,,,Kim,Aagard,CFO,2186315211,NULL,2186317503,kim.aagard@tchc.org,,,,  ,,,Debbie,Sly,Controller,2186328714,NULL,2186317503,debbie.sly@tchc.org,,,,MN,,
169,1073516357,North Valley Health Center,WARREN,300 West Good Samaritan Drive ,,,MARSHALL,MN,56762,1461,2187454211,2187454215,Brian,Neubauer,Administrator/CEO,brian.neubauer@northvalleyhealth.org,Mitch Kotrba,Dawn,Balsdon,Associate,7012398526,NULL,7012398600,dbalsdon@eidebailly.com,"4310 17th Ave S, ,, ",,Fargo,ND,58104,---,Cass,www.nvhc.net,No Affiliation,,1,Dr. Robert Bochenski,Mitch,Kotrba,CFO,2187453261,NULL,2187454215,mitchell.kotrba@northvalleyhealth.org,"300 West Good Samaritan Drive, ",,Warren,MN,56762,1499,,,,,,,,,,,,,,Mitch,Kotrba,CFO,2187453261,NULL,2187454215,mitchell.kotrba@northvalleyhealth.org,"300 West Good Samaritan Drive, ",,Warren,MN,56762,1499
170,1740256668,Mayo Clinic Health System - Waseca,WASECA,501 N State Street    ,,,WASECA,MN,56093,2811,5078351210,5077818280,Thomas,Borowski,Administrator,borowski.thomas@mayo.edu,James Tarasovitch,Beau,Hultquist,Regulatory & Reimbursement Analyst,5073047197,NULL,5073854874,hultquist.beau@mayo.edu,1025 Marsh St,PO Box 8673,Mankato,MN,56001,,Blue Earth,http://mayoclinichealthsystem.org/locations/waseca,Mayo Clinic,Owned,1,Brian Bartlett,Ryan,Ashland,Director - Finance,5073852680,NULL,5073854874,ashland.ryan@mayo.edu,1025 Marsh St,PO Box 8673,Mankato,MN,56002,8673,,,,,,,,,,,,,,Beau,Hultquist,Regulatory & Reimbursement Analyst,5073047197,NULL,5073854874,hultquist.beau@mayo.edu,1025 Marsh St,PO Box 8673,Mankato,MN,56001,
35,1942253547,Sanford Westbrook Medical Center,WESTBROOK,920 Bell Avenue      ,,,COTTONWOOD,MN,56183,9669,5072746121,5072745671,Stacy,Barstad,CEO,stacy.barstad@sanfordhealth.org,,Jill,Sigelman,Reimbursement Director,6123764528,NULL,6123764850,jill.sigelman@claconnect.com,"220 S. 6th Street, Suite 300, ",,Minneapolis,MN,55402,,Hennepin,www.westbrookhealth.com,Sanford Health,Leased,1,"Andrew Kopperud, MD",,,,,,,,,,,,,,,,,,,,,,,,,,,Stacy,Barstad,CEO,5072124136,NULL,5076293202,stacy.barstad@sanfordhealth.org,"251 5th St. E, ",,Tracy,MN,56175,----
174,1326045253,Sanford Medical Center Wheaton,WHEATON,401 12th Street North     ,,,TRAVERSE,MN,56296,1070,3205638226,3205638012,JoAnn,Foltz,Chief Executive Officer,joann.foltz@sanfordhealth.org,Shane Ayres,Jill,Sigelman,Reimbursement Director,6123764528,NULL,6123764850,jill.sigelman@claconnect.com,"220 S. 6th Street, Suite 300, ",,Minneapolis,MN,55402,,Hennepin,www.sanfordwheaton.org,Sanford Health,Owned,1,Dr. Garry Mislan,Shane,Ayres,CFO,3205638226,NULL,3208087225,Shane.Ayres@Sanfordhealth.org,,,,  ,,,,,,,,,,,,,,,,Shane,Ayres,CFO,3205638226,NULL,3208087225,Shane.Ayres@Sanfordhealth.org,,,,  ,,
118,1619064193,Rice Memorial Hospital,WILLMAR,301 Becker Avenue Southwest     ,,,KANDIYOHI,MN,56201,3302,3202354543,3202314869,Michael,Schramm,CEO,mschramm@rice.willmar.mn.us,Bill Fenske,Bill,Fenske,CFO,3202314009,NULL,3202314879,fenskeb@rice.willmar.mn.us,"301 Becker Avenue Southwest, , , , , ",,Willmar,MN,56201,----,,www.ricehospital.com,No Affiliation,,0,"Kenneth Flowe, MD",Jackie,Hinderks,Director of Revenue & Reimbursement,3202314425,NULL,3202314833,jhinderks@rice.willmar.mn.us,"301 BECKER AVE SW, , , , , ",,Willmar,MN,56201,3302,,,,,,,,,,,,,,Bill,Fenske,CFO,3202314009,NULL,3202314879,fenskeb@rice.willmar.mn.us,"301 Becker Avenue Southwest, , , , , ",,Willmar,MN,56201,----
209,1285760363,Community Adolescent Behavioral Health Services,WILLMAR,1701 Technology Drive,,,KANDIYOHI,MN,56201,,3203215421,3202315901,Nancy,Johnston,Executive Director,nancy.a.johnston@state.mn.us,Shirley Jacobson,Lori,Zook,CFO,5079347689,NULL,5079347651,lzook@rehc.org,1900 N Sunrise Dr,,St. Peter,MN,56082,1327,,shirley.jacobson@state.mn.us,"Dept of Human Services, State of MN",Owned,0,N/A,,,,,,,,,,,,,,,,,,,,,,,,,,,,,,,,,,,,,,,
176,1841288644,Windom Area Hospital,WINDOM,2150 Hospital Drive   ,,,COTTONWOOD,MN,56101,1287,5078312400,5078315749,Shelby,Medina,CEO,shelby.medina@sanfordhealth.org,Kim Armstrong,Korey,Boelter,Principal,6123764549,NULL,6123764850,korey.boelter@claconnect.com,"220 South Sixth Street, Suite 300, ",,Minneapolis,MN,55402,,Hennepin,www.windomareahospital.com,Sanford Health,Managed,1,Dr. Jeffrey Taber,,,,,,,,,,,,,,,,,,,,,,,,,,,Kim,Armstrong,CFO,5078310615,NULL,5078315749,Kimberly.armstrong@sanfordhealth.org,,,,MN,,
27,1295789352,Winona Health Services,WINONA,855 Mankato Ave. ,,,WINONA,MN,55987,-60,5074543650,5074574159,Rachelle,Schultz,President/CEO,rschultz@winonahealth.org,Jan Brosnahan,Theresa,Brendel,Mgr of Financial Operations,5074574398,NULL,5074743224,tbrendel@winonahealth.org,"PO Box 5600, , , ",,Winona,MN,55987,-600,Winona,www.winonahealth.org,No Affiliation,,0,"Brett Whyte, MD",Randy,Benson,Dir of Reimb/Payor Contracting,5074574321,NULL,5074743224,rbenson@winonahealth.org,"PO Box 5600, , , ",,Winona,MN,55987,-600,,,,,,,,,,,,,,Jonelle,Duellman,Staff Accountant,5074743277,NULL,5074743224,joduellman@winonahealth.org,"PO Box 5600, , , ",,Winona,MN,55987,-600
187,1356309322,Woodwinds Health Campus,WOODBURY,1925 Woodwinds Drive      ,,,WASHINGTON,MN,55125,2270,6512326880,6512326888,Cathy,Barr,COO,cbarr@healtheast.org,Doug Davenport,Kris,Janzen,Senior Accountant,6512322913,NULL,6512326444,kjanzen@healtheast.org,"1700 UNIVERSITY AVE MIDWAY CORP, , , , , , ",,St. Paul,MN,55104,----,RAMSEY,www.healtheast.org,HealthEast Care System,Owned,0,Dr. Anthony Nardi,,,,,,,,,,,,,,,,,,,,,,,,,,,Julius,Nammeh,Fixed Asset/Lease Coordinator,6512320138,NULL,NULL,jnnammeh@healtheast.org,"1700 University Ave , ",,St. Paul,MN,55104,----
177,1396712618,Sanford Worthington Medical Center,WORTHINGTON,1018 Sixth Avenue      ,,,NOBLES,MN,56187,2202,5073722941,5073723240,Michael,Hammer,Chief Executive Officer,michael.hammer@sanfordhealth.org,Linda Wagner,Jill,Sigelman,Reimbursement Director,6123764528,NULL,6123764850,jill.sigelman@claconnect.com,"220 S. 6th Street, Suite 300, ",,Minneapolis,MN,55402,,Hennepin,www.sanfordregionalworthington.org,Sanford Health,Owned,0,Dr. Gregory Hoverstien D.O.,Linda,Wagner,CFO,5073723112,NULL,5073723240,Linda.Wagner@sanfordhealth.org,,,,  ,,,,,,,,,,,,,,,,Linda,Wagner,CFO,5073723112,NULL,5073723240,Linda.Wagner@sanfordhealth.org,,,,  ,,
186,1083692941,Fairview Lakes Regional Medical Center,WYOMING,5200 Fairview Boulevard    ,,,CHISAGO,MN,55092,8013,6519827000,6519827110,John,Herman,President,jherman6@fairview.org,Daniel Fromm,Gary,Lodge,Sr. Government Reimbursement Analyst,6126726053,NULL,6126726986,glodge1@fairview.org,"400 Stinson Blvd. NE, , , , , ",,Minneapolis,MN,58541,-261,Hennepin,www.fairview.org,Fairview Health Services,Owned,0,"David Milbrandt, MD",Deborah,Mayland-Poyzer,Director of Government Reimbursement,6126727067,NULL,6126726986,dmaylan1@fairview.org,400 Stinson Blvd NE,,Minneapolis,MN,55413,2613,Tim,Fried,Government Reimbursement Supervisor,6126726736,NULL,6126726986,tfried1@fairview.org,400 Stinson Blvd NE,,Minneapolis,MN,55413,2613,James,Eckman,Sr Financial Analyst II,6126724668,NULL,6126721240,jeckman3@fairview.org,400 Stinson Blvd NE,,Minneapolis,MN,55413,2613
